,userStage,correctStage,timeSpent,totalClicks,pid,block,sound,isCorrect
618,5,2,1.69,0,1111,1,1,0.0
619,1,2,2.07,0,1111,1,1,0.0
620,3,3,2.87,0,1111,1,1,1.0
4253,3,2,13.02,0,6040680,1,1,0.0
4259,2,2,2.75,0,6040680,1,1,1.0
4262,5,3,2.74,0,6040680,1,1,0.0
4270,2,1,2.58,0,6040680,1,1,0.0
4272,0,0,3.23,0,6040680,1,1,1.0
4273,2,2,2.1,0,6040680,1,1,1.0
4274,3,5,1.9,0,6040680,1,1,0.0
4275,1,5,4.68,0,6040680,1,1,0.0
4276,1,2,19.42,0,6040680,1,1,0.0
4286,5,5,11.97,0,6040680,1,1,1.0
4297,1,2,17.24,0,6040680,1,1,0.0
4298,2,2,1.32,0,6040680,1,1,1.0
4299,3,0,0.73,0,6040680,1,1,0.0
4300,0,2,1.14,0,6040680,1,1,0.0
4301,2,0,4.66,0,6040680,1,1,0.0
4302,0,0,1.63,0,6040680,1,1,1.0
4303,2,5,1.25,0,6040680,1,1,0.0
4304,0,3,2.03,0,6040680,1,1,0.0
4305,0,2,1.44,0,6040680,1,1,0.0
4306,1,2,0.93,0,6040680,1,1,0.0
4307,2,2,0.95,0,6040680,1,1,1.0
4312,3,5,0.91,0,6040680,1,1,0.0
4315,5,0,2.57,0,6040680,1,1,0.0
4316,0,3,1.26,0,6040680,1,1,0.0
4317,1,3,5.26,0,6040680,1,1,0.0
4318,2,3,0.86,0,6040680,1,1,0.0
4319,3,0,1.07,0,6040680,1,1,0.0
4320,2,2,0.93,0,6040680,1,1,1.0
4321,3,3,0.9,0,6040680,1,1,1.0
4322,5,1,1.03,0,6040680,1,1,0.0
4349,1,2,2.89,0,6040680,2,0,0.0
4350,2,0,1.67,0,6040680,2,0,0.0
4351,5,5,1.38,0,6040680,2,0,1.0
4352,0,2,0.89,0,6040680,2,0,0.0
4353,3,0,0.9,0,6040680,2,0,0.0
4354,0,5,0.74,0,6040680,2,0,0.0
4355,5,3,1.2,0,6040680,2,0,0.0
4356,2,2,1.19,0,6040680,2,0,1.0
4357,3,0,0.9,0,6040680,2,0,0.0
4358,5,2,1.18,0,6040680,2,0,0.0
4359,1,2,0.89,0,6040680,2,0,0.0
4360,0,1,1.18,0,6040680,2,0,0.0
4361,1,3,0.82,0,6040680,2,0,0.0
4362,1,3,0.33,0,6040680,2,0,0.0
4364,1,0,0.37,0,6040680,2,0,0.0
4368,1,2,0.51,0,6040680,2,0,0.0
4371,3,0,0.79,0,6040680,2,0,0.0
4373,3,5,0.54,0,6040680,2,0,0.0
4374,0,3,1.03,0,6040680,2,0,0.0
4375,0,5,0.43,0,6040680,2,0,0.0
4376,0,3,0.23,0,6040680,2,0,0.0
4377,0,3,0.27,0,6040680,2,0,0.0
4378,5,2,0.9,0,6040680,2,0,0.0
4379,5,0,0.51,0,6040680,2,0,0.0
4380,3,3,0.91,0,6040680,2,0,1.0
4381,2,5,0.88,0,6040680,2,0,0.0
4382,3,5,1.69,0,6040680,2,0,0.0
4383,3,2,0.43,0,6040680,2,0,0.0
4384,3,0,0.5,0,6040680,2,0,0.0
4385,0,5,0.81,0,6040680,2,0,0.0
10467,3,2,19.75,0,3874617,1,1,0.0
10468,2,3,14.18,0,3874617,1,1,0.0
10469,2,2,9.53,0,3874617,1,1,1.0
10470,1,2,5.59,0,3874617,1,1,0.0
10471,1,3,16.15,0,3874617,1,1,0.0
10472,3,5,6.27,0,3874617,1,1,0.0
10473,2,0,2.9,0,3874617,1,1,0.0
10474,1,5,7.17,0,3874617,1,1,0.0
10475,2,0,2.68,0,3874617,1,1,0.0
10476,1,2,2.42,0,3874617,1,1,0.0
10477,1,0,3.26,0,3874617,1,1,0.0
10478,2,2,2.77,0,3874617,1,1,1.0
10479,3,3,5.5,0,3874617,1,1,1.0
10480,1,2,13.25,0,3874617,1,1,0.0
10481,1,1,18.81,0,3874617,1,1,1.0
10482,1,2,18.3,0,3874617,1,1,0.0
10483,0,0,2.17,0,3874617,1,1,1.0
10484,5,2,6.69,0,3874617,1,1,0.0
10485,1,5,2.97,0,3874617,1,1,0.0
10486,1,1,1.75,0,3874617,1,1,1.0
10487,2,3,2.52,0,3874617,1,1,0.0
10488,1,3,1.35,0,3874617,1,1,0.0
10489,3,5,22.6,0,3874617,1,1,0.0
10490,1,3,7.6,0,3874617,1,1,0.0
10491,5,5,4.28,0,3874617,1,1,1.0
10492,1,0,2.18,0,3874617,1,1,0.0
10493,1,2,2.05,0,3874617,1,1,0.0
10494,2,0,7.26,0,3874617,1,1,0.0
10495,1,2,1.86,0,3874617,1,1,0.0
10496,2,2,1.63,0,3874617,1,1,1.0
10554,2,2,17.21,0,3874617,2,0,1.0
10565,2,5,2419.26,0,3874617,2,0,0.0
10566,3,3,14.88,0,3874617,2,0,1.0
10567,5,5,9.11,0,3874617,2,0,1.0
10568,2,3,2.14,0,3874617,2,0,0.0
10569,5,5,4.32,0,3874617,2,0,1.0
10570,3,3,27.32,0,3874617,2,0,1.0
10571,2,2,1.29,0,3874617,2,0,1.0
10572,2,5,1.28,0,3874617,2,0,0.0
10573,2,2,1.38,0,3874617,2,0,1.0
10574,1,3,1.57,0,3874617,2,0,0.0
10576,3,2,1.72,0,3874617,2,0,0.0
10579,0,0,3.06,0,3874617,2,0,1.0
10581,0,2,2.19,0,3874617,2,0,0.0
10584,2,2,3.3,0,3874617,2,0,1.0
10587,2,2,4.34,0,3874617,2,0,1.0
10589,0,0,3.34,0,3874617,2,0,1.0
10592,2,5,3.98,0,3874617,2,0,0.0
10595,0,0,3.8,0,3874617,2,0,1.0
10596,5,5,1.79,0,3874617,2,0,1.0
10599,1,5,2.35,0,3874617,2,0,0.0
10601,1,1,1.5,0,3874617,2,0,1.0
10602,2,3,1.68,0,3874617,2,0,0.0
10603,3,2,4.16,0,3874617,2,0,0.0
10604,0,0,2.13,0,3874617,2,0,1.0
10605,0,3,1.42,0,3874617,2,0,0.0
10611,3,3,122.33,0,3874617,2,0,1.0
10612,0,0,1.77,0,3874617,2,0,1.0
10613,5,0,3.11,0,3874617,2,0,0.0
10614,0,0,1.48,0,3874617,2,0,1.0
12616,3,2,1.78,0,5448691,1,0,0.0
12643,2,5,5.7,2,5448691,1,0,0.0
12644,0,0,2.15,0,5448691,1,0,1.0
12675,1,1,28.99,10,5448691,1,0,1.0
12691,3,5,4.33,2,5448691,1,0,0.0
12719,2,2,4.17,2,5448691,1,0,1.0
12745,5,5,6.14,4,5448691,1,0,1.0
12746,2,2,5.46,4,5448691,1,0,1.0
12747,3,3,3.23,2,5448691,1,0,1.0
12748,2,2,3.93,2,5448691,1,0,1.0
12764,2,2,6.75,2,5448691,1,0,1.0
12779,2,2,6.59,4,5448691,1,0,1.0
12803,5,5,8.71,4,5448691,1,0,1.0
12808,3,3,5.03,2,5448691,1,0,1.0
12816,2,2,12.11,6,5448691,1,0,1.0
12819,3,3,4.16,2,5448691,1,0,1.0
12828,5,1,35.23,12,5448691,1,0,0.0
12829,2,2,8.07,4,5448691,1,0,1.0
12830,3,3,1.31,0,5448691,1,0,1.0
12831,0,0,1.96,0,5448691,1,0,1.0
12832,3,3,1.48,0,5448691,1,0,1.0
12833,3,3,1.2,0,5448691,1,0,1.0
12834,2,2,4.18,2,5448691,1,0,1.0
12835,1,0,7.58,2,5448691,1,0,0.0
12836,0,0,1.72,0,5448691,1,0,1.0
12837,1,2,6.0,2,5448691,1,0,0.0
12838,2,2,13.24,4,5448691,2,1,1.0
12839,3,3,3.28,2,5448691,2,1,1.0
12840,2,3,3.58,2,5448691,2,1,0.0
12841,2,2,3.22,2,5448691,2,1,1.0
12842,0,0,1.82,0,5448691,2,1,1.0
12843,0,0,1.14,0,5448691,2,1,1.0
12844,5,5,3.78,2,5448691,2,1,1.0
12845,3,3,3.65,2,5448691,2,1,1.0
12846,5,5,2.71,2,5448691,2,1,1.0
12847,1,2,4.12,2,5448691,2,1,0.0
12848,0,0,1.26,0,5448691,2,1,1.0
12849,1,1,8.9,4,5448691,2,1,1.0
12850,3,3,2.32,2,5448691,2,1,1.0
12851,2,3,1.86,0,5448691,2,1,0.0
12852,0,0,1.31,0,5448691,2,1,1.0
12853,5,5,6.28,2,5448691,2,1,1.0
12854,1,5,8.59,4,5448691,2,1,0.0
12855,0,0,3.18,2,5448691,2,1,1.0
12856,2,2,2.45,2,5448691,2,1,1.0
12857,3,5,4.29,2,5448691,2,1,0.0
12858,2,2,10.32,6,5448691,2,1,1.0
12859,3,3,1.3,0,5448691,2,1,1.0
12860,5,5,6.36,0,5448691,2,1,1.0
12861,1,2,3.72,2,5448691,2,1,0.0
12862,1,0,5.93,0,5448691,2,1,0.0
12863,2,2,4.59,2,5448691,2,1,1.0
12864,0,0,1.37,0,5448691,2,1,1.0
12865,2,3,6.18,0,5448691,2,1,0.0
12866,1,2,7.15,4,5448691,2,1,0.0
12867,5,5,1.79,0,5448691,2,1,1.0
15186,0,2,7.34,4,3395252,1,1,0.0
15187,2,2,6.39,2,3395252,1,1,1.0
15188,3,3,1.51,0,3395252,1,1,1.0
15189,3,3,1.46,0,3395252,1,1,1.0
15190,0,0,3.57,2,3395252,1,1,1.0
15191,0,0,1.91,0,3395252,1,1,1.0
15192,1,5,3.69,2,3395252,1,1,0.0
15193,3,3,1.46,0,3395252,1,1,1.0
15194,1,0,7.8,4,3395252,1,1,0.0
15195,0,2,2.36,2,3395252,1,1,0.0
15196,0,0,1.73,2,3395252,1,1,1.0
15197,0,0,2.79,2,3395252,1,1,1.0
15198,5,5,4.68,2,3395252,1,1,1.0
15199,1,2,7.33,4,3395252,1,1,0.0
15200,0,0,2.03,2,3395252,1,1,1.0
15201,1,2,7.67,2,3395252,1,1,0.0
15202,3,3,1.66,0,3395252,1,1,1.0
15203,3,5,6.03,2,3395252,1,1,0.0
15204,2,1,4.36,2,3395252,1,1,0.0
15205,2,3,2.61,2,3395252,1,1,0.0
15206,5,2,7.34,4,3395252,1,1,0.0
15207,2,5,9.5,4,3395252,1,1,0.0
15208,1,2,6.34,2,3395252,1,1,0.0
15209,5,1,6.15,6,3395252,1,1,0.0
15210,1,5,3.96,4,3395252,1,1,0.0
15211,2,2,2.21,2,3395252,1,1,1.0
15212,3,3,1.17,0,3395252,1,1,1.0
15213,0,2,2.57,2,3395252,1,1,0.0
15214,2,2,6.57,4,3395252,1,1,1.0
15215,2,2,3.3,2,3395252,1,1,1.0
15452,3,2,6.85,2,3395252,2,0,0.0
15453,3,3,1.22,0,3395252,2,0,1.0
15456,0,0,2.93,2,3395252,2,0,1.0
15458,3,3,2.18,2,3395252,2,0,1.0
15459,2,2,4.02,2,3395252,2,0,1.0
15460,5,1,2.84,2,3395252,2,0,0.0
15477,2,2,3.7,2,3395252,2,0,1.0
15532,5,2,6.14,4,3395252,2,0,0.0
15619,2,3,3.59,2,3395252,2,0,0.0
15728,0,0,6.65,4,3395252,2,0,1.0
15812,2,2,2.43,2,3395252,2,0,1.0
15894,5,5,5.43,4,3395252,2,0,1.0
15913,2,3,4.87,4,3395252,2,0,0.0
15929,1,2,6.1,4,3395252,2,0,0.0
15957,2,3,3.58,2,3395252,2,0,0.0
16060,5,5,13.38,10,3395252,2,0,1.0
16067,0,0,2.31,2,3395252,2,0,1.0
16068,3,5,4.7,4,3395252,2,0,0.0
16073,1,5,7.05,6,3395252,2,0,0.0
16082,5,5,7.46,6,3395252,2,0,1.0
16098,2,0,5.9,4,3395252,2,0,0.0
16109,5,5,8.38,8,3395252,2,0,1.0
16115,2,3,3.25,2,3395252,2,0,0.0
16124,0,0,4.99,4,3395252,2,0,1.0
16133,3,5,3.66,4,3395252,2,0,0.0
16139,0,0,2.97,4,3395252,2,0,1.0
16160,0,2,2.34,2,3395252,2,0,0.0
16195,2,2,3.32,2,3395252,2,0,1.0
26318,3,2,441.02,0,1636704,1,0,0.0
26319,3,3,2.08,0,1636704,1,0,1.0
26320,3,3,1.36,0,1636704,1,0,1.0
26321,0,0,1.24,0,1636704,1,0,1.0
26322,2,2,11.01,0,1636704,1,0,1.0
26323,5,5,2.63,0,1636704,1,0,1.0
26324,2,2,1.96,0,1636704,1,0,1.0
26325,3,3,2.0,0,1636704,1,0,1.0
26326,3,3,1.19,0,1636704,1,0,1.0
26327,0,0,1.07,0,1636704,1,0,1.0
26328,3,0,8.06,0,1636704,1,0,0.0
26329,0,0,1.6,0,1636704,1,0,1.0
26330,2,5,9.35,0,1636704,1,0,0.0
26331,5,1,5.62,0,1636704,1,0,0.0
26332,3,2,2.76,0,1636704,1,0,0.0
26333,2,2,1.07,0,1636704,1,0,1.0
26334,5,5,1.67,0,1636704,1,0,1.0
26335,0,3,4.44,0,1636704,1,0,0.0
26336,0,5,1.37,0,1636704,1,0,0.0
26337,5,2,1.77,0,1636704,1,0,0.0
26338,1,5,1.39,0,1636704,1,0,0.0
26339,2,0,7.89,0,1636704,1,0,0.0
26340,3,3,2.91,0,1636704,1,0,1.0
26341,2,2,3.96,0,1636704,1,0,1.0
26342,0,0,4.25,0,1636704,1,0,1.0
26343,3,2,1.91,0,1636704,1,0,0.0
26344,3,2,1.48,0,1636704,1,0,0.0
26345,2,1,1.72,0,1636704,1,0,0.0
26346,5,2,1.45,0,1636704,1,0,0.0
26347,5,2,1.6,0,1636704,1,0,0.0
26348,3,2,15.32,0,1636704,2,1,0.0
26349,5,5,2.39,0,1636704,2,1,1.0
26350,1,0,3.0,0,1636704,2,1,0.0
26351,2,3,1.79,0,1636704,2,1,0.0
26352,3,3,2.13,0,1636704,2,1,1.0
26353,0,0,1.41,0,1636704,2,1,1.0
26354,2,3,3.47,0,1636704,2,1,0.0
26355,0,0,1.31,0,1636704,2,1,1.0
26356,3,5,1.84,0,1636704,2,1,0.0
26357,3,2,1.89,0,1636704,2,1,0.0
26358,5,5,1.44,0,1636704,2,1,1.0
26359,2,5,2.04,0,1636704,2,1,0.0
26360,3,3,6.69,0,1636704,2,1,1.0
26361,1,2,2.45,0,1636704,2,1,0.0
26362,3,3,1.42,0,1636704,2,1,1.0
26363,2,5,1.67,0,1636704,2,1,0.0
26364,5,2,1.38,0,1636704,2,1,0.0
26365,2,2,2.31,0,1636704,2,1,1.0
26366,2,2,7.79,0,1636704,2,1,1.0
26367,5,5,2.18,0,1636704,2,1,1.0
26368,0,0,1.87,0,1636704,2,1,1.0
26369,0,2,0.99,0,1636704,2,1,0.0
26370,1,1,2.51,0,1636704,2,1,1.0
26371,0,0,1.35,0,1636704,2,1,1.0
26372,3,3,2.23,0,1636704,2,1,1.0
26373,0,0,1.54,0,1636704,2,1,1.0
26374,2,2,3.5,0,1636704,2,1,1.0
26375,3,3,2.37,0,1636704,2,1,1.0
26376,0,0,1.49,0,1636704,2,1,1.0
26377,3,5,4.83,0,1636704,2,1,0.0
26853,3,2,4.38,0,4636444,1,0,0.0
26857,2,3,13.84,0,4636444,1,0,0.0
26859,5,2,2.2,0,4636444,1,0,0.0
26861,5,5,2.96,0,4636444,1,0,1.0
26864,1,0,4.18,0,4636444,1,0,0.0
26867,0,2,3.94,0,4636444,1,0,0.0
26869,0,0,1.58,0,4636444,1,0,1.0
26871,3,2,4.89,0,4636444,1,0,0.0
26873,3,5,2.56,0,4636444,1,0,0.0
26876,5,1,5.96,0,4636444,1,0,0.0
26877,3,3,1.66,0,4636444,1,0,1.0
26884,3,0,12.62,0,4636444,1,0,0.0
26886,3,3,1.69,0,4636444,1,0,1.0
26889,2,2,3.25,0,4636444,1,0,1.0
26890,2,2,1.69,0,4636444,1,0,1.0
26891,3,3,2.66,0,4636444,1,0,1.0
26892,2,2,3.15,0,4636444,1,0,1.0
26893,2,1,2.94,0,4636444,1,0,0.0
26894,5,2,1.91,0,4636444,1,0,0.0
26895,2,2,2.28,0,4636444,1,0,1.0
26896,3,3,4.3,0,4636444,1,0,1.0
26897,1,0,5.89,0,4636444,1,0,0.0
26898,2,2,6.05,0,4636444,1,0,1.0
26899,2,5,1.71,0,4636444,1,0,0.0
26900,0,0,3.18,0,4636444,1,0,1.0
26901,5,5,2.31,0,4636444,1,0,1.0
26902,2,5,4.88,0,4636444,1,0,0.0
26903,3,3,1.63,0,4636444,1,0,1.0
26904,3,2,4.74,0,4636444,1,0,0.0
26905,0,0,2.25,0,4636444,1,0,1.0
26906,2,2,11.89,0,174516,1,0,1.0
26907,3,5,4.33,0,174516,1,0,0.0
26908,0,0,6.1,0,174516,1,0,1.0
26909,3,3,11.5,0,174516,1,0,1.0
26910,3,0,44.25,0,174516,1,0,0.0
26911,5,0,4.3,0,174516,1,0,0.0
26912,2,2,1.35,0,174516,1,0,1.0
26913,2,2,2.68,0,174516,1,0,1.0
26914,3,2,3.28,0,174516,1,0,0.0
26915,2,5,0.92,0,174516,1,0,0.0
26916,3,3,2.36,0,174516,1,0,1.0
26917,2,2,2.24,0,174516,1,0,1.0
26918,5,1,7.18,0,174516,1,0,0.0
26919,2,2,3.4,0,174516,1,0,1.0
26920,2,2,1.42,0,174516,1,0,1.0
26921,3,2,2.26,0,174516,1,0,0.0
26922,2,3,4.88,0,174516,1,0,0.0
26923,2,5,2.71,0,174516,1,0,0.0
26924,5,2,1.94,0,174516,1,0,0.0
26925,0,0,4.31,0,174516,1,0,1.0
26926,0,0,0.7,0,174516,1,0,1.0
26927,2,5,5.4,0,174516,1,0,0.0
26928,0,0,5.24,0,174516,1,0,1.0
26929,0,5,0.8,0,174516,1,0,0.0
26930,3,3,2.78,0,174516,1,0,1.0
26931,2,1,5.05,0,174516,1,0,0.0
26932,3,2,0.82,0,174516,1,0,0.0
26933,3,2,4.06,0,4636444,2,1,0.0
26934,3,3,1.79,0,4636444,2,1,1.0
26935,1,5,1.76,0,4636444,2,1,0.0
26936,2,5,1.36,0,4636444,2,1,0.0
26937,1,5,2.59,0,4636444,2,1,0.0
26938,3,3,1.73,0,4636444,2,1,1.0
26939,2,3,3.07,0,4636444,2,1,0.0
26940,3,2,1.38,0,4636444,2,1,0.0
26941,1,5,3.76,0,4636444,2,1,0.0
26942,1,0,1.77,0,4636444,2,1,0.0
26943,2,3,8.49,0,4636444,2,1,0.0
26944,5,5,2.31,0,4636444,2,1,1.0
26945,5,2,55.47,0,174516,1,0,0.0
26946,2,2,4.09,0,4636444,2,1,1.0
26947,3,3,4.13,0,174516,1,0,1.0
26948,2,2,7.67,0,4636444,2,1,1.0
26949,3,3,4.93,0,174516,1,0,1.0
26950,2,2,3.08,0,4636444,2,1,1.0
26951,5,0,6.57,0,4636444,2,1,0.0
26952,1,1,1.75,0,4636444,2,1,1.0
26953,0,0,1.56,0,4636444,2,1,1.0
26954,2,3,2.22,0,4636444,2,1,0.0
26955,3,3,1.41,0,4636444,2,1,1.0
26956,1,0,2.33,0,4636444,2,1,0.0
26957,1,0,3.28,0,4636444,2,1,0.0
26958,2,5,1.72,0,4636444,2,1,0.0
26959,5,2,1.59,0,4636444,2,1,0.0
26960,1,0,1.65,0,4636444,2,1,0.0
26961,2,2,1.89,0,4636444,2,1,1.0
26962,5,5,6.35,0,4636444,2,1,1.0
26963,0,0,1.74,0,4636444,2,1,1.0
26964,3,2,2.33,0,4636444,2,1,0.0
26965,3,3,1.13,0,4636444,2,1,1.0
26966,3,2,7.85,0,174516,2,1,0.0
26967,3,2,6.49,0,174516,2,1,0.0
26968,2,2,3.22,0,174516,2,1,1.0
26969,3,5,4.97,0,174516,2,1,0.0
26970,5,5,3.18,0,174516,2,1,1.0
26971,5,3,0.91,0,174516,2,1,0.0
26972,5,5,1.47,0,174516,2,1,1.0
26973,5,2,1.18,0,174516,2,1,0.0
26974,0,0,3.7,0,174516,2,1,1.0
26975,2,5,4.43,0,174516,2,1,0.0
26976,0,0,4.43,0,174516,2,1,1.0
26977,2,2,4.34,0,174516,2,1,1.0
26978,2,0,3.09,0,174516,2,1,0.0
26979,5,1,5.26,0,174516,2,1,0.0
26980,3,3,40.49,0,174516,2,1,1.0
26981,3,3,3.37,0,174516,2,1,1.0
26982,1,0,19.38,0,174516,2,1,0.0
26983,5,2,3.09,0,174516,2,1,0.0
26984,1,5,4.8,0,174516,2,1,0.0
26985,3,0,4.44,0,174516,2,1,0.0
26986,3,3,1.95,0,174516,2,1,1.0
26987,3,5,0.97,0,174516,2,1,0.0
26988,5,2,4.34,0,174516,2,1,0.0
26989,0,0,4.8,0,174516,2,1,1.0
26990,3,3,3.85,0,174516,2,1,1.0
26991,2,3,3.12,0,174516,2,1,0.0
26992,2,3,4.42,0,174516,2,1,0.0
26993,1,2,2.94,0,174516,2,1,0.0
26994,5,5,3.23,0,174516,2,1,1.0
26995,5,0,3.85,0,174516,2,1,0.0
27153,2,2,8.38,0,4780610,1,0,1.0
27154,3,3,2.67,0,4780610,1,0,1.0
27155,2,2,2.35,0,4780610,1,0,1.0
27156,5,5,3.13,0,4780610,1,0,1.0
27157,1,5,5.97,0,4780610,1,0,0.0
27158,0,0,3.01,0,4780610,1,0,1.0
27159,3,1,4.56,0,4780610,1,0,0.0
27160,3,3,2.42,0,4780610,1,0,1.0
27161,0,0,2.76,0,4780610,1,0,1.0
27162,0,2,0.81,0,4780610,1,0,0.0
27163,5,5,4.53,0,4780610,1,0,1.0
27164,5,3,0.68,0,4780610,1,0,0.0
27165,1,5,3.58,0,4780610,1,0,0.0
27166,5,2,1.45,0,4780610,1,0,0.0
27167,3,0,2.03,0,4780610,1,0,0.0
27168,5,2,1.73,0,4780610,1,0,0.0
27169,2,3,1.89,0,4780610,1,0,0.0
27170,0,0,2.69,0,4780610,1,0,1.0
27171,0,2,0.67,0,4780610,1,0,0.0
27172,3,3,1.54,0,4780610,1,0,1.0
27173,3,2,0.76,0,4780610,1,0,0.0
27174,1,1,3.13,0,4780610,1,0,1.0
27175,5,2,4.0,0,4780610,1,0,0.0
27176,1,0,3.2,0,4780610,1,0,0.0
27177,5,5,2.69,0,4780610,1,0,1.0
27178,5,2,0.94,0,4780610,1,0,0.0
27179,3,2,8.69,0,4780610,1,0,0.0
27180,3,3,3.22,0,4780610,1,0,1.0
27181,2,2,3.02,0,4780610,1,0,1.0
27182,0,0,4.51,0,4780610,1,0,1.0
27183,2,2,5.39,0,4780610,2,1,1.0
27184,5,5,3.17,0,4780610,2,1,1.0
27185,5,2,1.39,0,4780610,2,1,0.0
27186,5,2,1.26,0,4780610,2,1,0.0
27187,2,3,3.15,0,4780610,2,1,0.0
27188,3,2,3.53,0,4780610,2,1,0.0
27189,0,0,4.49,0,4780610,2,1,1.0
27190,0,2,0.82,0,4780610,2,1,0.0
27191,2,5,2.72,0,4780610,2,1,0.0
27192,3,5,4.71,0,4780610,2,1,0.0
27193,3,0,1.47,0,4780610,2,1,0.0
27194,3,2,3.71,0,4780610,2,1,0.0
27195,0,0,3.7,0,4780610,2,1,1.0
27196,2,3,4.79,0,4780610,2,1,0.0
27197,2,5,2.82,0,4780610,2,1,0.0
27198,0,0,2.27,0,4780610,2,1,1.0
27199,3,3,2.51,0,4780610,2,1,1.0
27200,3,3,2.82,0,4780610,2,1,1.0
27201,3,2,1.1,0,4780610,2,1,0.0
27202,5,5,3.84,0,4780610,2,1,1.0
27203,5,3,0.78,0,4780610,2,1,0.0
27204,0,0,3.35,0,4780610,2,1,1.0
27205,2,5,3.37,0,4780610,2,1,0.0
27206,2,5,2.82,0,4780610,2,1,0.0
27207,1,1,3.58,0,4780610,2,1,1.0
27208,3,3,1.99,0,4780610,2,1,1.0
27209,3,0,5.25,0,4780610,2,1,0.0
27210,3,3,2.85,0,4780610,2,1,1.0
27211,2,2,2.85,0,4780610,2,1,1.0
27212,0,0,2.72,0,4780610,2,1,1.0
27287,5,2,3.06,0,4486704,1,0,0.0
27288,2,2,19.31,0,4486704,1,0,1.0
27289,2,0,2.34,0,4486704,1,0,0.0
27290,3,3,3.07,0,4486704,1,0,1.0
27291,3,3,2.29,0,4486704,1,0,1.0
27292,2,2,2.92,0,4486704,1,0,1.0
27293,2,2,1.3,0,4486704,1,0,1.0
27294,2,2,2.47,0,4486704,1,0,1.0
27295,2,5,1.87,0,4486704,1,0,0.0
27296,5,5,2.7,0,4486704,1,0,1.0
27297,5,1,1.59,0,4486704,1,0,0.0
27298,2,0,3.79,0,4486704,1,0,0.0
27299,3,3,2.96,0,4486704,1,0,1.0
27300,2,5,3.67,0,4486704,1,0,0.0
27301,3,2,2.95,0,4486704,1,0,0.0
27302,0,0,2.22,0,4486704,1,0,1.0
27303,0,0,1.09,0,4486704,1,0,1.0
27304,0,0,0.7,0,4486704,1,0,1.0
27305,0,5,2.78,0,4486704,1,0,0.0
27306,0,3,1.48,0,4486704,1,0,0.0
27307,1,0,3.39,0,4486704,1,0,0.0
27308,5,5,3.01,0,4486704,1,0,1.0
27309,5,2,0.67,0,4486704,1,0,0.0
27310,1,1,2.66,0,4486704,1,0,1.0
27311,1,2,0.7,0,4486704,1,0,0.0
27312,5,2,2.72,0,4486704,1,0,0.0
27313,5,2,0.74,0,4486704,1,0,0.0
27314,3,3,1.84,0,4486704,1,0,1.0
27315,3,2,1.22,0,4486704,1,0,0.0
27316,2,3,1.08,0,4486704,1,0,0.0
27317,2,2,6.17,0,4486704,2,1,1.0
27318,2,2,2.0,0,4486704,2,1,1.0
27319,3,2,1.4,0,4486704,2,1,0.0
27320,3,3,2.51,0,4486704,2,1,1.0
27321,3,0,1.3,0,4486704,2,1,0.0
27322,0,0,3.04,0,4486704,2,1,1.0
27323,2,5,5.01,0,4486704,2,1,0.0
27324,2,2,2.61,0,4486704,2,1,1.0
27325,3,5,2.8,0,4486704,2,1,0.0
27326,2,5,1.09,0,4486704,2,1,0.0
27327,2,5,1.23,0,4486704,2,1,0.0
27328,2,3,2.99,0,4486704,2,1,0.0
27329,0,0,1.71,0,4486704,2,1,1.0
27330,2,2,2.56,0,4486704,2,1,1.0
27331,1,2,3.82,0,4486704,2,1,0.0
27332,0,0,2.92,0,4486704,2,1,1.0
27333,0,0,1.42,0,4486704,2,1,1.0
27334,5,1,2.62,0,4486704,2,1,0.0
27335,0,0,0.94,0,4486704,2,1,1.0
27336,5,5,3.69,0,4486704,2,1,1.0
27337,3,3,2.09,0,4486704,2,1,1.0
27338,2,2,2.6,0,4486704,2,1,1.0
27339,2,3,0.87,0,4486704,2,1,0.0
27340,3,5,2.7,0,4486704,2,1,0.0
27341,3,3,0.93,0,4486704,2,1,1.0
27342,2,5,4.44,0,4486704,2,1,0.0
27343,2,3,2.44,0,4486704,2,1,0.0
27344,2,2,2.35,0,4486704,2,1,1.0
27345,5,3,2.5,0,4486704,2,1,0.0
27346,0,0,4.3,0,4486704,2,1,1.0
27488,3,2,9.46,0,1409623,1,1,0.0
27489,3,3,1.68,0,1409623,1,1,1.0
27490,2,5,1.84,0,1409623,1,1,0.0
27491,2,2,2.27,0,1409623,1,1,1.0
27492,2,2,2.69,0,1409623,1,1,1.0
27493,5,1,1.88,0,1409623,1,1,0.0
27494,2,2,1.75,0,1409623,1,1,1.0
27495,5,2,2.38,0,1409623,1,1,0.0
27496,3,3,1.36,0,1409623,1,1,1.0
27497,0,0,1.89,0,1409623,1,1,1.0
27498,1,5,3.68,0,1409623,1,1,0.0
27499,2,3,1.61,0,1409623,1,1,0.0
27500,5,2,1.68,0,1409623,1,1,0.0
27501,2,2,1.62,0,1409623,1,1,1.0
27502,3,3,1.49,0,1409623,1,1,1.0
27503,5,0,1.63,0,1409623,1,1,0.0
27504,5,0,7.65,0,1409623,1,1,0.0
27505,3,1,3.77,0,1409623,1,1,0.0
27506,3,3,1.87,0,1409623,1,1,1.0
27507,2,2,1.92,0,1409623,1,1,1.0
27508,5,5,5.47,0,1409623,1,1,1.0
27509,2,2,6.01,0,1409623,1,1,1.0
27510,2,5,3.98,0,1409623,1,1,0.0
27511,1,5,1.88,0,1409623,1,1,0.0
27512,0,0,1.43,0,1409623,1,1,1.0
27513,2,2,2.19,0,1409623,1,1,1.0
27514,2,2,2.17,0,1409623,1,1,1.0
27515,3,3,1.14,0,1409623,1,1,1.0
27516,0,0,2.7,0,1409623,1,1,1.0
27517,0,0,2.2,0,1409623,1,1,1.0
27518,3,2,5.14,0,1409623,2,0,0.0
27519,5,5,2.66,0,1409623,2,0,1.0
27520,2,0,7.04,0,1409623,2,0,0.0
27521,2,2,2.8,0,1409623,2,0,1.0
27522,3,2,3.69,0,1409623,2,0,0.0
27523,5,5,2.66,0,1409623,2,0,1.0
27524,0,0,1.96,0,1409623,2,0,1.0
27525,2,2,3.98,0,1409623,2,0,1.0
27526,2,0,4.47,0,1409623,2,0,0.0
27527,0,0,1.81,0,1409623,2,0,1.0
27528,3,3,1.71,0,1409623,2,0,1.0
27529,1,5,2.58,0,1409623,2,0,0.0
27530,1,5,1.65,0,1409623,2,0,0.0
27531,5,2,1.72,0,1409623,2,0,0.0
27532,3,3,2.42,0,1409623,2,0,1.0
27533,5,5,2.9,0,1409623,2,0,1.0
27534,3,3,1.48,0,1409623,2,0,1.0
27535,2,2,1.51,0,1409623,2,0,1.0
27536,1,5,1.32,0,1409623,2,0,0.0
27537,0,0,3.21,0,1409623,2,0,1.0
27538,5,5,2.95,0,1409623,2,0,1.0
27539,3,3,3.32,0,1409623,2,0,1.0
27540,0,0,1.49,0,1409623,2,0,1.0
27541,2,1,2.48,0,1409623,2,0,0.0
27542,5,3,2.69,0,1409623,2,0,0.0
27543,3,2,2.17,0,1409623,2,0,0.0
27544,2,2,2.8,0,1409623,2,0,1.0
27545,2,3,2.11,0,1409623,2,0,0.0
27546,3,3,1.88,0,1409623,2,0,1.0
27547,0,0,1.96,0,1409623,2,0,1.0
27592,3,2,4.6,0,4514201,1,1,0.0
27593,0,0,1.48,0,4514201,1,1,1.0
27594,2,3,4.45,0,4514201,1,1,0.0
27595,2,0,3.02,0,4514201,1,1,0.0
27596,5,1,3.56,0,4514201,1,1,0.0
27597,5,2,3.14,0,4514201,1,1,0.0
27598,0,0,1.85,0,4514201,1,1,1.0
27599,2,2,6.02,0,4514201,1,1,1.0
27600,2,5,2.07,0,4514201,1,1,0.0
27601,3,3,1.87,0,4514201,1,1,1.0
27602,5,2,2.75,0,4514201,1,1,0.0
27603,5,2,1.51,0,4514201,1,1,0.0
27604,1,1,1.44,0,4514201,1,1,1.0
27605,2,2,4.42,0,4514201,1,1,1.0
27606,2,2,4.57,0,4514201,1,1,1.0
27607,3,3,1.88,0,4514201,1,1,1.0
27608,3,2,4.07,0,4514201,1,1,0.0
27609,5,2,3.57,0,4514201,1,1,0.0
27610,2,5,2.59,0,4514201,1,1,0.0
27611,0,0,1.55,0,4514201,1,1,1.0
27612,3,3,2.0,0,4514201,1,1,1.0
27613,2,2,3.98,0,4514201,1,1,1.0
27614,3,3,1.59,0,4514201,1,1,1.0
27615,5,2,2.62,0,4514201,1,1,0.0
27616,3,5,1.68,0,4514201,1,1,0.0
27617,5,5,3.94,0,4514201,1,1,1.0
27618,5,5,4.2,0,4514201,1,1,1.0
27619,0,0,1.95,0,4514201,1,1,1.0
27620,3,3,1.29,0,4514201,1,1,1.0
27621,0,0,4.95,0,4514201,1,1,1.0
27622,2,2,8.71,0,4514201,2,0,1.0
27623,3,2,3.52,0,4514201,2,0,0.0
27624,3,3,1.23,0,4514201,2,0,1.0
27625,0,0,2.16,0,4514201,2,0,1.0
27626,5,3,3.61,0,4514201,2,0,0.0
27627,5,5,2.09,0,4514201,2,0,1.0
27628,1,0,2.44,0,4514201,2,0,0.0
27629,5,1,4.52,0,4514201,2,0,0.0
27630,2,5,2.51,0,4514201,2,0,0.0
27631,3,3,1.19,0,4514201,2,0,1.0
27632,5,3,1.64,0,4514201,2,0,0.0
27633,5,2,0.95,0,4514201,2,0,0.0
27634,2,5,3.47,0,4514201,2,0,0.0
27635,2,5,2.64,0,4514201,2,0,0.0
27636,3,2,2.57,0,4514201,2,0,0.0
27637,5,2,3.75,0,4514201,2,0,0.0
27638,1,0,1.3,0,4514201,2,0,0.0
27639,5,0,3.77,0,4514201,2,0,0.0
27640,0,0,2.62,0,4514201,2,0,1.0
27641,5,0,4.53,0,4514201,2,0,0.0
27642,3,3,2.79,0,4514201,2,0,1.0
27643,2,2,2.45,0,4514201,2,0,1.0
27644,5,5,1.62,0,4514201,2,0,1.0
27645,0,0,2.3,0,4514201,2,0,1.0
27646,2,3,5.45,0,4514201,2,0,0.0
27647,3,3,1.21,0,4514201,2,0,1.0
27648,5,5,2.85,0,4514201,2,0,1.0
27649,5,5,4.22,0,4514201,2,0,1.0
27650,2,2,2.78,0,4514201,2,0,1.0
27651,2,2,3.3,0,4514201,2,0,1.0
27683,3,2,3.17,0,3515808,1,0,0.0
27684,3,3,3.2,0,3515808,1,0,1.0
27685,0,0,3.11,0,3515808,1,0,1.0
27686,2,0,4.0,0,3515808,1,0,0.0
27687,3,5,3.38,0,3515808,1,0,0.0
27688,5,2,2.34,0,3515808,1,0,0.0
27689,2,1,2.37,0,3515808,1,0,0.0
27690,3,3,2.1,0,3515808,1,0,1.0
27691,3,3,1.65,0,3515808,1,0,1.0
27692,2,2,3.22,0,3515808,1,0,1.0
27693,5,2,5.18,0,3515808,1,0,0.0
27694,5,5,1.83,0,3515808,1,0,1.0
27695,2,2,3.09,0,3515808,1,0,1.0
27696,3,3,1.65,0,3515808,1,0,1.0
27697,0,5,13.26,0,3515808,1,0,0.0
27698,5,2,1.8,0,3515808,1,0,0.0
27699,3,2,2.62,0,3515808,1,0,0.0
27700,2,2,1.13,0,3515808,1,0,1.0
27701,5,5,4.13,0,3515808,1,0,1.0
27702,5,2,11.21,0,3515808,1,0,0.0
27703,2,1,1.95,0,3515808,1,0,0.0
27704,3,3,1.27,0,3515808,1,0,1.0
27705,2,2,12.92,0,3515808,1,0,1.0
27706,0,0,1.6,0,3515808,1,0,1.0
27707,0,0,3.46,0,3515808,1,0,1.0
27708,0,0,1.75,0,3515808,1,0,1.0
27709,5,0,7.66,0,3515808,1,0,0.0
27710,5,5,1.9,0,3515808,1,0,1.0
27711,3,3,1.34,0,3515808,1,0,1.0
27712,3,2,10.64,0,3515808,1,0,0.0
27713,2,2,5.62,0,3515808,2,1,1.0
27714,3,2,2.76,0,3515808,2,1,0.0
27715,5,5,3.61,0,3515808,2,1,1.0
27716,3,3,1.65,0,3515808,2,1,1.0
27717,2,5,2.34,0,3515808,2,1,0.0
27718,1,0,2.35,0,3515808,2,1,0.0
27719,2,5,2.18,0,3515808,2,1,0.0
27720,2,2,3.75,0,3515808,2,1,1.0
27721,5,2,3.04,0,3515808,2,1,0.0
27722,0,0,1.31,0,3515808,2,1,1.0
27723,0,2,2.6,0,3515808,2,1,0.0
27724,1,1,1.5,0,3515808,2,1,1.0
27725,5,5,2.95,0,3515808,2,1,1.0
27726,0,0,1.61,0,3515808,2,1,1.0
27727,2,3,4.88,0,3515808,2,1,0.0
27728,3,3,1.1,0,3515808,2,1,1.0
27729,5,2,2.67,0,3515808,2,1,0.0
27730,3,3,2.19,0,3515808,2,1,1.0
27731,5,2,2.05,0,3515808,2,1,0.0
27732,2,3,1.55,0,3515808,2,1,0.0
27733,3,2,2.69,0,3515808,2,1,0.0
27734,0,0,4.25,0,3515808,2,1,1.0
27735,3,5,4.68,0,3515808,2,1,0.0
27736,5,0,2.27,0,3515808,2,1,0.0
27737,0,0,1.64,0,3515808,2,1,1.0
27738,5,5,1.51,0,3515808,2,1,1.0
27739,0,0,1.27,0,3515808,2,1,1.0
27740,5,5,1.77,0,3515808,2,1,1.0
27741,3,3,1.58,0,3515808,2,1,1.0
27742,3,3,2.5,0,3515808,2,1,1.0
27831,3,2,7.71,0,6816798,1,1,0.0
27832,2,2,2.44,0,6816798,1,1,1.0
27833,2,5,2.38,0,6816798,1,1,0.0
27834,2,2,3.33,0,6816798,1,1,1.0
27835,0,0,2.57,0,6816798,1,1,1.0
27836,3,3,2.22,0,6816798,1,1,1.0
27837,5,5,2.89,0,6816798,1,1,1.0
27838,2,2,3.28,0,6816798,1,1,1.0
27839,2,2,7.09,0,6816798,1,1,1.0
27840,5,2,4.46,0,6816798,1,1,0.0
27842,5,0,2.03,0,6816798,1,1,0.0
27843,0,0,1.08,0,6816798,1,1,1.0
27844,2,1,8.47,0,6816798,1,1,0.0
27845,3,5,3.1,0,6816798,1,1,0.0
27846,3,3,1.07,0,6816798,1,1,1.0
27847,2,2,3.11,0,6816798,1,1,1.0
27848,5,0,2.01,0,6816798,1,1,0.0
27850,3,3,1.4,0,6816798,1,1,1.0
27851,3,3,1.67,0,6816798,1,1,1.0
27852,0,0,1.6,0,6816798,1,1,1.0
27853,5,2,2.99,0,6816798,1,1,0.0
27854,5,1,1.09,0,6816798,1,1,0.0
27855,0,0,1.29,0,6816798,1,1,1.0
27857,3,2,2.77,0,6816798,1,1,0.0
27858,5,5,1.93,0,6816798,1,1,1.0
27859,5,2,2.47,0,6816798,1,1,0.0
27860,3,5,1.76,0,6816798,1,1,0.0
27861,2,3,1.48,0,6816798,1,1,0.0
27862,3,3,1.17,0,6816798,1,1,1.0
27864,2,2,6.0,0,6816798,1,1,1.0
27872,2,2,36.39,0,6816798,2,0,1.0
27874,0,0,5.84,0,6816798,2,0,1.0
27876,5,5,3.93,0,6816798,2,0,1.0
27878,3,3,4.94,0,6816798,2,0,1.0
27879,0,0,2.17,0,6816798,2,0,1.0
27880,0,5,4.22,0,6816798,2,0,0.0
27881,5,5,3.31,0,6816798,2,0,1.0
27882,5,5,8.49,0,6816798,2,0,1.0
27885,3,2,13.71,0,6816798,2,0,0.0
27887,0,0,1.71,0,6816798,2,0,1.0
27888,2,3,2.76,0,6816798,2,0,0.0
27890,3,3,1.19,0,6816798,2,0,1.0
27891,3,3,1.72,0,6816798,2,0,1.0
27893,2,2,1.81,0,6816798,2,0,1.0
27896,1,5,5.23,0,6816798,2,0,0.0
27897,1,5,2.87,0,6816798,2,0,0.0
27900,0,0,2.52,0,6816798,2,0,1.0
27901,0,2,1.88,0,6816798,2,0,0.0
27902,3,3,1.22,0,6816798,2,0,1.0
27903,0,0,1.31,0,6816798,2,0,1.0
27904,2,2,2.53,0,6816798,2,0,1.0
27905,5,2,2.8,0,6816798,2,0,0.0
27906,5,5,1.07,0,6816798,2,0,1.0
27907,5,0,2.15,0,6816798,2,0,0.0
27908,3,3,1.62,0,6816798,2,0,1.0
27909,3,3,2.03,0,6816798,2,0,1.0
27910,5,2,4.85,0,6816798,2,0,0.0
27911,2,1,0.86,0,6816798,2,0,0.0
27912,0,0,1.33,0,6816798,2,0,1.0
27914,2,2,2.32,0,6816798,2,0,1.0
28058,3,2,14.24,0,8593937,1,0,0.0
28059,1,5,10.2,0,8593937,1,0,0.0
28060,3,3,10.42,0,8593937,1,0,1.0
28061,1,5,5.17,0,8593937,1,0,0.0
28062,3,3,5.18,0,8593937,1,0,1.0
28063,3,2,4.72,0,8593937,1,0,0.0
28064,2,1,12.76,0,8593937,1,0,0.0
28065,2,5,66.37,0,8593937,1,0,0.0
28066,0,0,110.13,0,8593937,1,0,1.0
28067,5,0,17.99,0,8593937,1,0,0.0
28068,5,3,5.44,0,8593937,1,0,0.0
28069,5,2,6.31,0,8593937,1,0,0.0
28070,1,2,2.63,0,8593937,1,0,0.0
28071,2,0,2.22,0,8593937,1,0,0.0
28072,5,2,1.78,0,8593937,1,0,0.0
28073,3,0,11.31,0,8593937,1,0,0.0
28074,1,5,9.06,0,8593937,1,0,0.0
28075,1,2,2.85,0,8593937,1,0,0.0
28077,0,3,19.17,0,8593937,1,0,0.0
28082,2,2,14.45,0,8593937,1,0,1.0
28091,5,3,12.3,0,8593937,1,0,0.0
28095,2,0,10.65,0,8593937,1,0,0.0
28098,0,2,4.61,0,8593937,1,0,0.0
28101,3,1,5.01,0,8593937,1,0,0.0
28104,3,5,2.34,0,8593937,1,0,0.0
28106,1,2,0.14,0,8593937,1,0,0.0
28107,0,2,0.16,0,8593937,1,0,0.0
28109,5,0,0.71,0,8593937,1,0,0.0
28110,0,2,0.15,0,8593937,1,0,0.0
28111,5,3,0.87,0,8593937,1,0,0.0
28135,3,2,12.73,0,8593937,2,1,0.0
28136,2,0,0.21,0,8593937,2,1,0.0
28137,1,0,0.2,0,8593937,2,1,0.0
28138,3,2,6.26,0,8593937,2,1,0.0
28139,5,5,6.52,0,8593937,2,1,1.0
28140,2,2,4.28,0,8593937,2,1,1.0
28141,0,5,7.59,0,8593937,2,1,0.0
28142,3,3,3.84,0,8593937,2,1,1.0
28143,1,5,10.14,0,8593937,2,1,0.0
28144,2,0,11.78,0,8593937,2,1,0.0
28145,2,3,3.32,0,8593937,2,1,0.0
28146,2,3,2.57,0,8593937,2,1,0.0
28147,2,5,9.87,0,8593937,2,1,0.0
28148,0,0,9.79,0,8593937,2,1,1.0
28149,0,1,7.5,0,8593937,2,1,0.0
28150,1,3,5.07,0,8593937,2,1,0.0
28151,2,3,0.54,0,8593937,2,1,0.0
28152,0,5,1.06,0,8593937,2,1,0.0
28153,5,0,0.78,0,8593937,2,1,0.0
28154,0,0,1.77,0,8593937,2,1,1.0
28155,0,2,0.32,0,8593937,2,1,0.0
28156,5,5,0.71,0,8593937,2,1,1.0
28157,3,0,1.03,0,8593937,2,1,0.0
28158,2,2,0.35,0,8593937,2,1,1.0
28159,2,5,0.48,0,8593937,2,1,0.0
28161,3,2,0.32,0,8593937,2,1,0.0
28162,5,3,0.41,0,8593937,2,1,0.0
28163,0,2,0.61,0,8593937,2,1,0.0
28164,3,2,0.64,0,8593937,2,1,0.0
28165,2,3,1.57,0,8593937,2,1,0.0
28215,2,2,3.86,0,5654753,1,0,1.0
28216,2,5,8.42,0,5654753,1,0,0.0
28217,5,5,3.65,0,5654753,1,0,1.0
28218,3,3,2.04,0,5654753,1,0,1.0
28219,2,2,13.36,0,5654753,1,0,1.0
28220,3,2,6.3,0,5654753,1,0,0.0
28221,2,2,5.53,0,5654753,1,0,1.0
28222,3,3,1.42,0,5654753,1,0,1.0
28223,0,0,1.27,0,5654753,1,0,1.0
28224,1,1,6.22,0,5654753,1,0,1.0
28225,5,5,2.73,0,5654753,1,0,1.0
28226,5,2,3.89,0,5654753,1,0,0.0
28227,3,3,1.19,0,5654753,1,0,1.0
28229,5,1,6.19,0,5654753,1,0,0.0
28230,2,2,2.1,0,5654753,1,0,1.0
28231,5,5,2.06,0,5654753,1,0,1.0
28232,5,2,4.45,0,5654753,1,0,0.0
28233,2,0,4.13,0,5654753,1,0,0.0
28235,5,2,4.53,0,5654753,1,0,0.0
28236,0,0,1.26,0,5654753,1,0,1.0
28237,5,2,1.51,0,5654753,1,0,0.0
28238,5,5,1.06,0,5654753,1,0,1.0
28240,3,3,1.16,0,5654753,1,0,1.0
28241,0,0,1.83,0,5654753,1,0,1.0
28243,0,0,3.41,0,5654753,1,0,1.0
28244,3,3,1.36,0,5654753,1,0,1.0
28245,2,2,5.93,0,5654753,1,0,1.0
28246,3,3,1.98,0,5654753,1,0,1.0
28248,5,2,2.31,0,5654753,1,0,0.0
28249,0,0,1.74,0,5654753,1,0,1.0
28262,2,2,8.14,0,5654753,2,1,1.0
28265,5,0,16.46,0,5654753,2,1,0.0
28266,0,0,1.57,0,5654753,2,1,1.0
28268,5,5,3.57,0,5654753,2,1,1.0
28269,3,3,1.32,0,5654753,2,1,1.0
28271,2,2,2.66,0,5654753,2,1,1.0
28272,5,5,2.65,0,5654753,2,1,1.0
28273,0,0,1.98,0,5654753,2,1,1.0
28275,3,3,6.63,0,5654753,2,1,1.0
28277,3,3,1.14,0,5654753,2,1,1.0
28278,1,5,4.13,0,5654753,2,1,0.0
28280,1,1,1.76,0,5654753,2,1,1.0
28281,2,2,2.35,0,5654753,2,1,1.0
28282,2,3,4.08,0,5654753,2,1,0.0
28284,5,5,3.22,0,5654753,2,1,1.0
28286,5,2,4.82,0,5654753,2,1,0.0
28288,2,5,3.01,0,5654753,2,1,0.0
28290,3,3,1.73,0,5654753,2,1,1.0
28291,0,5,2.52,0,5654753,2,1,0.0
28293,2,0,3.19,0,5654753,2,1,0.0
28295,3,2,1.24,0,5654753,2,1,0.0
28296,5,0,4.36,0,5654753,2,1,0.0
28298,0,0,1.36,0,5654753,2,1,1.0
28299,0,0,1.88,0,5654753,2,1,1.0
28300,5,2,3.02,0,5654753,2,1,0.0
28303,5,5,2.32,0,5654753,2,1,1.0
28305,0,2,4.46,0,5654753,2,1,0.0
28308,3,3,9.74,0,5654753,2,1,1.0
28310,5,2,4.45,0,5654753,2,1,0.0
28311,2,3,2.1,0,5654753,2,1,0.0
28319,3,2,18.91,0,7913734,1,1,0.0
28320,2,3,4.64,0,7913734,1,1,0.0
28321,3,0,5.19,0,7913734,1,1,0.0
28322,3,0,7.06,0,7913734,1,1,0.0
28323,2,0,1.55,0,7913734,1,1,0.0
28324,1,2,0.44,0,7913734,1,1,0.0
28325,3,3,0.37,0,7913734,1,1,1.0
28326,2,2,0.59,0,7913734,1,1,1.0
28327,3,5,0.52,0,7913734,1,1,0.0
28328,5,3,1.69,0,7913734,1,1,0.0
28329,0,2,1.04,0,7913734,1,1,0.0
28330,3,2,0.47,0,7913734,1,1,0.0
28331,2,1,0.37,0,7913734,1,1,0.0
28332,1,5,1.98,0,7913734,1,1,0.0
28333,2,3,0.23,0,7913734,1,1,0.0
28334,1,0,0.29,0,7913734,1,1,0.0
28335,2,2,0.16,0,7913734,1,1,1.0
28336,5,2,0.59,0,7913734,1,1,0.0
28337,2,2,0.67,0,7913734,1,1,1.0
28338,3,0,0.38,0,7913734,1,1,0.0
28339,1,3,0.4,0,7913734,1,1,0.0
28340,3,0,0.25,0,7913734,1,1,0.0
28341,2,2,0.56,0,7913734,1,1,1.0
28342,3,2,0.21,0,7913734,1,1,0.0
28343,2,3,0.14,0,7913734,1,1,0.0
28344,5,5,0.21,0,7913734,1,1,1.0
28345,0,5,0.29,0,7913734,1,1,0.0
28346,5,2,3.38,0,7913734,1,1,0.0
28347,3,1,0.26,0,7913734,1,1,0.0
28348,2,5,0.19,0,7913734,1,1,0.0
28349,3,2,4.49,0,7913734,2,0,0.0
28350,2,0,0.54,0,7913734,2,0,0.0
28351,5,3,2.27,0,7913734,2,0,0.0
28352,3,5,0.3,0,7913734,2,0,0.0
28353,2,5,0.46,0,7913734,2,0,0.0
28354,3,2,0.27,0,7913734,2,0,0.0
28355,2,0,0.32,0,7913734,2,0,0.0
28356,2,0,0.11,0,7913734,2,0,0.0
28357,2,2,1.57,0,7913734,2,0,1.0
28358,3,3,0.43,0,7913734,2,0,1.0
28359,1,5,0.26,0,7913734,2,0,0.0
28360,5,2,1.24,0,7913734,2,0,0.0
28361,0,3,0.13,0,7913734,2,0,0.0
28362,3,3,0.22,0,7913734,2,0,1.0
28363,2,2,0.23,0,7913734,2,0,1.0
28364,2,0,0.33,0,7913734,2,0,0.0
28365,1,5,0.22,0,7913734,2,0,0.0
28366,2,3,0.28,0,7913734,2,0,0.0
28367,5,0,0.23,0,7913734,2,0,0.0
28368,0,2,0.19,0,7913734,2,0,0.0
28369,5,3,0.11,0,7913734,2,0,0.0
28370,0,5,0.18,0,7913734,2,0,0.0
28371,2,5,0.3,0,7913734,2,0,0.0
28372,1,5,0.2,0,7913734,2,0,0.0
28373,2,3,0.45,0,7913734,2,0,0.0
28374,2,2,0.23,0,7913734,2,0,1.0
28375,2,0,0.3,0,7913734,2,0,0.0
28376,2,0,0.29,0,7913734,2,0,0.0
28377,1,2,0.24,0,7913734,2,0,0.0
28378,3,1,0.27,0,7913734,2,0,0.0
28427,2,2,2.55,0,5732609,1,1,1.0
28428,5,5,2.9,0,5732609,1,1,1.0
28429,5,5,5.2,0,5732609,1,1,1.0
28430,5,5,5.61,0,5732609,1,1,1.0
28431,0,0,2.36,0,5732609,1,1,1.0
28432,0,0,3.42,0,5732609,1,1,1.0
28433,0,0,1.35,0,5732609,1,1,1.0
28434,3,2,2.72,0,5732609,1,1,0.0
28435,2,3,2.13,0,5732609,1,1,0.0
28436,3,3,1.27,0,5732609,1,1,1.0
28437,2,2,2.23,0,5732609,1,1,1.0
28438,2,2,4.2,0,5732609,1,1,1.0
28440,3,3,1.69,0,5732609,1,1,1.0
28441,1,1,2.36,0,5732609,1,1,1.0
28442,0,0,2.04,0,5732609,1,1,1.0
28444,5,3,5.77,0,5732609,1,1,0.0
28446,5,2,2.03,0,5732609,1,1,0.0
28448,2,2,2.23,0,5732609,1,1,1.0
28449,3,2,2.63,0,5732609,1,1,0.0
28450,5,0,3.15,0,5732609,1,1,0.0
28451,3,5,3.23,0,5732609,1,1,0.0
28455,2,5,11.48,0,5732609,1,1,0.0
28457,5,2,4.21,0,5732609,1,1,0.0
28458,3,3,0.98,0,5732609,1,1,1.0
28460,2,2,5.63,0,5732609,1,1,1.0
28462,3,3,1.46,0,5732609,1,1,1.0
28463,5,2,3.44,0,5732609,1,1,0.0
28464,5,0,0.93,0,5732609,1,1,0.0
28466,2,1,3.49,0,5732609,1,1,0.0
28467,5,2,2.51,0,5732609,1,1,0.0
28480,2,2,1.91,0,5732609,2,0,1.0
28481,2,2,2.03,0,5732609,2,0,1.0
28483,3,3,1.84,0,5732609,2,0,1.0
28487,0,0,1.24,0,5732609,2,0,1.0
28489,2,5,5.42,0,5732609,2,0,0.0
28490,0,0,1.23,0,5732609,2,0,1.0
28492,5,5,2.4,0,5732609,2,0,1.0
28495,5,2,7.14,0,5732609,2,0,0.0
28496,2,2,2.07,0,5732609,2,0,1.0
28499,2,2,4.88,0,5732609,2,0,1.0
28500,5,3,3.11,0,5732609,2,0,0.0
28501,3,3,1.39,0,5732609,2,0,1.0
28503,3,3,1.72,0,5732609,2,0,1.0
28504,5,2,2.71,0,5732609,2,0,0.0
28506,5,5,1.17,0,5732609,2,0,1.0
28507,0,0,2.99,0,5732609,2,0,1.0
28509,1,0,2.26,0,5732609,2,0,0.0
28511,5,0,3.71,0,5732609,2,0,0.0
28513,2,5,2.96,0,5732609,2,0,0.0
28515,3,3,1.42,0,5732609,2,0,1.0
28517,5,2,2.91,0,5732609,2,0,0.0
28519,0,0,1.83,0,5732609,2,0,1.0
28521,1,1,1.92,0,5732609,2,0,1.0
28523,5,0,4.25,0,5732609,2,0,0.0
28524,5,3,1.03,0,5732609,2,0,0.0
28526,2,5,1.37,0,5732609,2,0,0.0
28527,5,5,1.46,0,5732609,2,0,1.0
28528,5,5,4.05,0,5732609,2,0,1.0
28531,2,3,3.78,0,5732609,2,0,0.0
28534,2,2,3.54,0,5732609,2,0,1.0
28566,2,2,4.14,0,6306445,1,0,1.0
28567,3,2,0.98,0,6306445,1,0,0.0
28568,5,2,1.39,0,6306445,1,0,0.0
28569,2,0,1.11,0,6306445,1,0,0.0
28570,0,2,1.06,0,6306445,1,0,0.0
28571,2,3,0.83,0,6306445,1,0,0.0
28572,2,3,0.36,0,6306445,1,0,0.0
28573,2,0,0.26,0,6306445,1,0,0.0
28574,2,1,0.31,0,6306445,1,0,0.0
28575,2,5,0.36,0,6306445,1,0,0.0
28576,2,5,1.26,0,6306445,1,0,0.0
28577,2,2,0.27,0,6306445,1,0,1.0
28578,2,2,0.47,0,6306445,1,0,1.0
28579,2,2,0.34,0,6306445,1,0,1.0
28580,2,3,0.53,0,6306445,1,0,0.0
28581,3,0,0.37,0,6306445,1,0,0.0
28582,0,3,1.05,0,6306445,1,0,0.0
28583,0,1,0.35,0,6306445,1,0,0.0
28584,0,5,0.23,0,6306445,1,0,0.0
28585,0,2,0.53,0,6306445,1,0,0.0
28586,0,3,0.39,0,6306445,1,0,0.0
28587,0,2,0.25,0,6306445,1,0,0.0
28588,5,2,0.88,0,6306445,1,0,0.0
28589,0,5,0.48,0,6306445,1,0,0.0
28590,0,3,1.11,0,6306445,1,0,0.0
28591,2,2,0.18,0,6306445,1,0,1.0
28592,3,0,0.41,0,6306445,1,0,0.0
28593,1,0,0.4,0,6306445,1,0,0.0
28594,2,0,0.39,0,6306445,1,0,0.0
28595,2,5,1.55,0,6306445,1,0,0.0
28596,2,2,2.63,0,6306445,2,1,1.0
28597,3,3,1.96,0,6306445,2,1,1.0
28598,2,5,0.42,0,6306445,2,1,0.0
28599,3,0,0.31,0,6306445,2,1,0.0
28600,3,2,1.68,0,6306445,2,1,0.0
28601,5,0,1.65,0,6306445,2,1,0.0
28602,0,0,0.2,0,6306445,2,1,1.0
28603,0,2,1.15,0,6306445,2,1,0.0
28604,2,5,1.15,0,6306445,2,1,0.0
28605,3,2,1.55,0,6306445,2,1,0.0
28606,2,2,1.53,0,6306445,2,1,1.0
28607,2,3,0.66,0,6306445,2,1,0.0
28608,3,2,0.9,0,6306445,2,1,0.0
28609,1,5,0.67,0,6306445,2,1,0.0
28610,3,5,0.77,0,6306445,2,1,0.0
28611,2,3,0.79,0,6306445,2,1,0.0
28612,3,5,0.67,0,6306445,2,1,0.0
28613,2,2,0.51,0,6306445,2,1,1.0
28614,5,5,0.77,0,6306445,2,1,1.0
28615,3,3,3.85,0,6306445,2,1,1.0
28616,3,1,4.0,0,6306445,2,1,0.0
28617,3,0,0.57,0,6306445,2,1,0.0
28618,3,3,0.85,0,6306445,2,1,1.0
28619,3,0,3.85,0,6306445,2,1,0.0
28620,3,3,59.4,0,6306445,2,1,1.0
28621,3,5,0.52,0,6306445,2,1,0.0
28622,2,0,2.85,0,6306445,2,1,0.0
28623,2,2,0.49,0,6306445,2,1,1.0
28624,2,3,0.4,0,6306445,2,1,0.0
28625,3,0,0.29,0,6306445,2,1,0.0
28692,3,2,5.16,0,3767259,1,1,0.0
28693,1,3,0.55,0,3767259,1,1,0.0
28694,3,2,0.99,0,3767259,1,1,0.0
28695,2,2,0.27,0,3767259,1,1,1.0
28696,2,5,1.88,0,3767259,1,1,0.0
28697,3,3,0.24,0,3767259,1,1,1.0
28698,3,0,0.23,0,3767259,1,1,0.0
28699,2,2,1.12,0,3767259,1,1,1.0
28700,3,0,0.24,0,3767259,1,1,0.0
28701,5,2,0.25,0,3767259,1,1,0.0
28702,2,3,0.37,0,3767259,1,1,0.0
28703,3,3,0.36,0,3767259,1,1,1.0
28704,0,2,0.93,0,3767259,1,1,0.0
28705,0,0,0.86,0,3767259,1,1,1.0
28706,5,5,0.35,0,3767259,1,1,1.0
28707,3,5,1.35,0,3767259,1,1,0.0
28708,3,0,1.03,0,3767259,1,1,0.0
28709,3,1,0.29,0,3767259,1,1,0.0
28710,3,2,0.2,0,3767259,1,1,0.0
28711,2,2,0.17,0,3767259,1,1,1.0
28712,3,2,1.16,0,3767259,1,1,0.0
28713,2,5,0.44,0,3767259,1,1,0.0
28714,3,2,0.41,0,3767259,1,1,0.0
28715,1,1,0.31,0,3767259,1,1,1.0
28716,3,3,0.16,0,3767259,1,1,1.0
28717,2,0,0.3,0,3767259,1,1,0.0
28718,1,2,0.32,0,3767259,1,1,0.0
28719,2,0,0.18,0,3767259,1,1,0.0
28720,5,5,0.98,0,3767259,1,1,1.0
28721,3,3,0.1,0,3767259,1,1,1.0
28722,3,2,3.11,0,3767259,2,0,0.0
28723,1,0,0.56,0,3767259,2,0,0.0
28724,3,3,0.35,0,3767259,2,0,1.0
28725,2,5,0.5,0,3767259,2,0,0.0
28726,5,1,1.1,0,3767259,2,0,0.0
28727,0,0,0.94,0,3767259,2,0,1.0
28728,5,3,0.42,0,3767259,2,0,0.0
28729,3,5,0.49,0,3767259,2,0,0.0
28730,2,2,0.34,0,3767259,2,0,1.0
28731,2,0,0.4,0,3767259,2,0,0.0
28732,5,5,1.03,0,3767259,2,0,1.0
28733,0,3,0.72,0,3767259,2,0,0.0
28734,0,3,0.28,0,3767259,2,0,0.0
28735,5,5,0.24,0,3767259,2,0,1.0
28736,3,5,1.04,0,3767259,2,0,0.0
28737,2,2,0.41,0,3767259,2,0,1.0
28738,3,2,1.06,0,3767259,2,0,0.0
28739,2,5,0.79,0,3767259,2,0,0.0
28740,1,3,0.42,0,3767259,2,0,0.0
28741,2,0,0.41,0,3767259,2,0,0.0
28742,2,2,0.35,0,3767259,2,0,1.0
28743,2,3,0.27,0,3767259,2,0,0.0
28744,3,0,0.28,0,3767259,2,0,0.0
28745,1,5,0.18,0,3767259,2,0,0.0
28746,2,3,0.25,0,3767259,2,0,0.0
28747,3,2,1.14,0,3767259,2,0,0.0
28748,2,0,0.28,0,3767259,2,0,0.0
28749,5,0,0.3,0,3767259,2,0,0.0
28750,0,2,0.16,0,3767259,2,0,0.0
28751,5,2,0.57,0,3767259,2,0,0.0
28791,1,2,78.95,0,9541629,1,0,0.0
28792,2,2,2.69,0,9541629,1,0,1.0
28793,5,5,1.53,0,9541629,1,0,1.0
28794,5,5,6.5,0,9541629,1,0,1.0
28795,0,0,1.51,0,9541629,1,0,1.0
28796,0,0,2.2,0,9541629,1,0,1.0
28797,0,0,3.52,0,9541629,1,0,1.0
28798,0,5,6.93,0,9541629,1,0,0.0
28799,5,2,2.05,0,9541629,1,0,0.0
28800,3,3,1.19,0,9541629,1,0,1.0
28801,2,2,2.1,0,9541629,1,0,1.0
28802,2,2,1.32,0,9541629,1,0,1.0
28803,5,2,6.84,0,9541629,1,0,0.0
28804,3,2,4.6,0,9541629,1,0,0.0
28805,0,0,1.19,0,9541629,1,0,1.0
28806,2,2,2.26,0,9541629,1,0,1.0
28807,0,0,1.59,0,9541629,1,0,1.0
28808,3,3,1.67,0,9541629,1,0,1.0
28809,5,1,1.96,0,9541629,1,0,0.0
28810,2,5,3.4,0,9541629,1,0,0.0
28811,2,2,1.65,0,9541629,1,0,1.0
28812,5,1,2.1,0,9541629,1,0,0.0
28813,5,0,2.2,0,9541629,1,0,0.0
28814,0,2,2.44,0,9541629,1,0,0.0
28815,3,3,1.31,0,9541629,1,0,1.0
28816,3,3,2.35,0,9541629,1,0,1.0
28817,2,5,3.21,0,9541629,1,0,0.0
28818,5,2,1.74,0,9541629,1,0,0.0
28819,3,3,1.09,0,9541629,1,0,1.0
28820,3,3,2.02,0,9541629,1,0,1.0
28821,2,2,3.68,0,9541629,2,1,1.0
28822,2,5,3.25,0,9541629,2,1,0.0
28823,3,3,1.2,0,9541629,2,1,1.0
28824,2,0,2.6,0,9541629,2,1,0.0
28825,5,1,3.12,0,9541629,2,1,0.0
28826,0,0,1.32,0,9541629,2,1,1.0
28827,3,2,3.91,0,9541629,2,1,0.0
28828,5,3,2.2,0,9541629,2,1,0.0
28829,5,0,1.17,0,9541629,2,1,0.0
28830,2,0,3.74,0,9541629,2,1,0.0
28831,2,2,1.76,0,9541629,2,1,1.0
28832,5,2,5.91,0,9541629,2,1,0.0
28833,2,2,1.83,0,9541629,2,1,1.0
28834,3,3,1.41,0,9541629,2,1,1.0
28835,5,5,2.73,0,9541629,2,1,1.0
28836,5,5,5.87,0,9541629,2,1,1.0
28837,3,3,1.68,0,9541629,2,1,1.0
28838,2,5,2.31,0,9541629,2,1,0.0
28839,2,3,1.73,0,9541629,2,1,0.0
28840,0,0,2.42,0,9541629,2,1,1.0
28841,5,5,2.64,0,9541629,2,1,1.0
28842,1,0,3.35,0,9541629,2,1,0.0
28843,2,2,2.18,0,9541629,2,1,1.0
28844,3,3,1.11,0,9541629,2,1,1.0
28845,5,2,4.01,0,9541629,2,1,0.0
28846,2,2,1.56,0,9541629,2,1,1.0
28847,0,0,1.77,0,9541629,2,1,1.0
28848,1,5,1.57,0,9541629,2,1,0.0
28849,2,5,1.77,0,9541629,2,1,0.0
28850,5,3,2.68,0,9541629,2,1,0.0
28892,2,2,8.52,0,5549762,1,1,1.0
28893,2,1,5.2,0,5549762,1,1,0.0
28894,2,2,3.61,0,5549762,1,1,1.0
28895,5,5,2.52,0,5549762,1,1,1.0
28896,5,5,1.56,0,5549762,1,1,1.0
28897,5,2,4.52,0,5549762,1,1,0.0
28898,2,2,1.03,0,5549762,1,1,1.0
28899,2,0,4.39,0,5549762,1,1,0.0
28900,5,2,5.19,0,5549762,1,1,0.0
28901,2,2,1.28,0,5549762,1,1,1.0
28902,3,3,1.11,0,5549762,1,1,1.0
28903,5,5,2.29,0,5549762,1,1,1.0
28904,5,1,3.39,0,5549762,1,1,0.0
28905,0,0,1.81,0,5549762,1,1,1.0
28906,2,5,2.74,0,5549762,1,1,0.0
28907,2,0,2.33,0,5549762,1,1,0.0
28908,0,0,1.67,0,5549762,1,1,1.0
28909,3,3,2.91,0,5549762,1,1,1.0
28910,2,3,2.5,0,5549762,1,1,0.0
28911,3,3,0.93,0,5549762,1,1,1.0
28912,3,3,1.38,0,5549762,1,1,1.0
28913,3,3,1.38,0,5549762,1,1,1.0
28914,2,2,3.62,0,5549762,1,1,1.0
28915,5,2,4.19,0,5549762,1,1,0.0
28916,1,5,3.07,0,5549762,1,1,0.0
28917,2,2,4.3,0,5549762,1,1,1.0
28918,0,0,1.99,0,5549762,1,1,1.0
28919,0,0,3.7,0,5549762,1,1,1.0
28920,2,2,6.22,0,5549762,1,1,1.0
28921,5,2,2.83,0,5549762,1,1,0.0
28922,3,2,2.17,0,5549762,2,0,0.0
28923,2,3,2.28,0,5549762,2,0,0.0
28924,2,2,1.59,0,5549762,2,0,1.0
28925,2,5,3.58,0,5549762,2,0,0.0
28926,5,2,2.15,0,5549762,2,0,0.0
28927,2,0,2.44,0,5549762,2,0,0.0
28928,2,2,4.15,0,5549762,2,0,1.0
28929,3,2,1.71,0,5549762,2,0,0.0
28930,5,0,5.77,0,5549762,2,0,0.0
28931,2,5,1.41,0,5549762,2,0,0.0
28932,3,2,2.29,0,5549762,2,0,0.0
28933,3,3,1.37,0,5549762,2,0,1.0
28934,3,2,2.1,0,5549762,2,0,0.0
28935,3,3,1.12,0,5549762,2,0,1.0
28936,5,5,1.87,0,5549762,2,0,1.0
28937,0,0,3.23,0,5549762,2,0,1.0
28938,2,3,3.07,0,5549762,2,0,0.0
28939,2,3,3.34,0,5549762,2,0,0.0
28940,1,0,1.99,0,5549762,2,0,0.0
28941,3,3,1.73,0,5549762,2,0,1.0
28942,0,0,1.3,0,5549762,2,0,1.0
28943,5,5,5.12,0,5549762,2,0,1.0
28944,5,3,1.92,0,5549762,2,0,0.0
28945,2,0,2.32,0,5549762,2,0,0.0
28946,2,5,2.64,0,5549762,2,0,0.0
28947,1,1,3.01,0,5549762,2,0,1.0
28948,2,5,1.79,0,5549762,2,0,0.0
28949,2,5,1.58,0,5549762,2,0,0.0
28950,5,2,0.92,0,5549762,2,0,0.0
28951,2,0,3.16,0,5549762,2,0,0.0
28978,3,2,22.01,4,5639684,1,0,0.0
28979,2,2,9.89,4,5639684,1,0,1.0
28980,0,5,22.98,4,5639684,1,0,0.0
28981,5,5,18.64,4,5639684,1,0,1.0
28982,5,5,17.52,4,5639684,1,0,1.0
28983,0,0,8.28,4,5639684,1,0,1.0
28984,2,2,36.1,6,5639684,1,0,1.0
28985,5,1,16.93,4,5639684,1,0,0.0
28986,0,5,50.71,8,5639684,1,0,0.0
28987,2,2,40.76,8,5639684,1,0,1.0
28988,2,2,15.09,6,5639684,1,0,1.0
28989,2,2,13.33,4,5639684,1,0,1.0
28990,3,3,12.4,4,5639684,1,0,1.0
28991,2,2,11.81,4,5639684,1,0,1.0
28992,5,2,29.5,4,5639684,1,0,0.0
28993,2,2,11.49,4,5639684,1,0,1.0
28994,2,1,9.33,4,5639684,1,0,0.0
28995,5,0,54.3,6,5639684,1,0,0.0
28996,2,2,7.53,4,5639684,1,0,1.0
28997,2,2,6.83,4,5639684,1,0,1.0
28998,0,0,12.29,4,5639684,1,0,1.0
28999,0,0,2.19,2,5639684,1,0,1.0
29000,3,3,3.4,4,5639684,1,0,1.0
29001,0,0,4.05,4,5639684,1,0,1.0
29002,3,3,18.74,6,5639684,1,0,1.0
29003,3,3,5.79,4,5639684,1,0,1.0
29004,3,3,20.49,6,5639684,1,0,1.0
29005,0,0,4.87,4,5639684,1,0,1.0
29006,1,5,17.29,4,5639684,1,0,0.0
29007,3,3,2.84,4,5639684,1,0,1.0
29008,3,2,15.19,4,5639684,2,1,0.0
29009,0,0,9.13,4,5639684,2,1,1.0
29010,3,3,3.11,4,5639684,2,1,1.0
29011,2,1,23.13,6,5639684,2,1,0.0
29012,3,5,23.85,4,5639684,2,1,0.0
29013,2,3,34.93,6,5639684,2,1,0.0
29014,5,5,21.42,6,5639684,2,1,1.0
29015,5,0,16.2,4,5639684,2,1,0.0
29016,0,2,17.2,6,5639684,2,1,0.0
29017,0,0,30.19,6,5639684,2,1,1.0
29018,1,5,17.11,6,5639684,2,1,0.0
29019,2,2,11.61,4,5639684,2,1,1.0
29020,3,3,16.32,4,5639684,2,1,1.0
29021,0,0,55.45,10,5639684,2,1,1.0
29022,3,3,13.65,4,5639684,2,1,1.0
29023,5,2,17.91,8,5639684,2,1,0.0
29024,3,3,4.04,4,5639684,2,1,1.0
29025,1,5,31.45,6,5639684,2,1,0.0
29026,1,2,7.22,4,5639684,2,1,0.0
29027,2,2,7.98,4,5639684,2,1,1.0
29028,2,3,9.63,4,5639684,2,1,0.0
29029,2,5,39.38,8,5639684,2,1,0.0
29030,2,2,8.0,4,5639684,2,1,1.0
29031,2,2,11.31,4,5639684,2,1,1.0
29032,5,5,7.48,4,5639684,2,1,1.0
29033,1,0,31.03,8,5639684,2,1,0.0
29034,3,3,3.15,4,5639684,2,1,1.0
29035,0,0,15.97,6,5639684,2,1,1.0
29036,0,0,6.5,4,5639684,2,1,1.0
29037,5,5,11.36,4,5639684,2,1,1.0
29092,1,0,1.59,0,412038,1,0,0.0
29093,3,2,9.11,0,412038,1,0,0.0
29094,1,2,0.17,0,412038,1,0,0.0
29095,2,2,0.75,0,412038,1,0,1.0
29096,2,2,0.5,0,412038,1,0,1.0
29097,5,5,1.27,0,412038,1,0,1.0
29098,0,0,0.95,0,412038,1,0,1.0
29099,2,0,1.06,0,412038,1,0,0.0
29100,3,5,1.58,0,412038,1,0,0.0
29101,5,1,0.76,0,412038,1,0,0.0
29102,0,2,1.99,0,412038,1,0,0.0
29103,5,3,0.35,0,412038,1,0,0.0
29104,3,2,0.64,0,412038,1,0,0.0
29105,5,3,0.23,0,412038,1,0,0.0
29106,5,0,0.38,0,412038,1,0,0.0
29107,2,1,1.25,0,412038,1,0,0.0
29108,0,0,0.99,0,412038,1,0,1.0
29109,3,3,0.44,0,412038,1,0,1.0
29110,3,2,0.48,0,412038,1,0,0.0
29111,2,2,0.48,0,412038,1,0,1.0
29112,3,5,1.51,0,412038,1,0,0.0
29113,2,2,0.65,0,412038,1,0,1.0
29114,2,5,0.47,0,412038,1,0,0.0
29115,5,3,0.2,0,412038,1,0,0.0
29116,3,3,0.15,0,412038,1,0,1.0
29117,3,2,0.22,0,412038,1,0,0.0
29118,2,5,0.16,0,412038,1,0,0.0
29119,0,0,0.29,0,412038,1,0,1.0
29120,0,2,5.19,0,412038,1,0,0.0
29121,0,3,0.47,0,412038,1,0,0.0
29412,2,2,1.81,0,3592518,1,1,1.0
29413,2,3,1.26,0,3592518,1,1,0.0
29414,3,0,1.54,0,3592518,1,1,0.0
29415,2,3,0.4,0,3592518,1,1,0.0
29416,3,2,0.21,0,3592518,1,1,0.0
29417,2,5,0.26,0,3592518,1,1,0.0
29418,5,0,0.2,0,3592518,1,1,0.0
29419,0,2,0.25,0,3592518,1,1,0.0
29420,3,1,0.39,0,3592518,1,1,0.0
29421,2,0,0.16,0,3592518,1,1,0.0
29422,3,0,1.38,0,3592518,1,1,0.0
29423,2,2,0.9,0,3592518,1,1,1.0
29424,5,3,1.31,0,3592518,1,1,0.0
29425,3,2,1.25,0,3592518,1,1,0.0
29426,0,5,0.7,0,3592518,1,1,0.0
29427,3,3,1.5,0,3592518,1,1,1.0
29428,3,2,1.82,0,3592518,1,1,0.0
29429,2,1,0.29,0,3592518,1,1,0.0
29430,3,5,1.23,0,3592518,1,1,0.0
29431,2,5,0.25,0,3592518,1,1,0.0
29432,3,2,0.28,0,3592518,1,1,0.0
29433,2,2,0.58,0,3592518,1,1,1.0
29434,3,3,0.4,0,3592518,1,1,1.0
29435,3,0,0.34,0,3592518,1,1,0.0
29436,3,0,1.28,0,3592518,1,1,0.0
29437,2,2,0.53,0,3592518,1,1,1.0
29438,3,5,0.42,0,3592518,1,1,0.0
29439,2,2,0.42,0,3592518,1,1,1.0
29440,2,2,0.26,0,3592518,1,1,1.0
29441,2,3,0.2,0,3592518,1,1,0.0
29442,2,2,2.15,0,3592518,2,0,1.0
29443,3,0,0.48,0,3592518,2,0,0.0
29444,3,0,1.23,0,3592518,2,0,0.0
29445,2,5,0.54,0,3592518,2,0,0.0
29446,2,1,2.43,0,3592518,2,0,0.0
29447,3,2,0.83,0,3592518,2,0,0.0
29448,3,3,1.92,0,3592518,2,0,1.0
29449,1,2,2.58,0,3592518,2,0,0.0
29450,2,3,3.66,0,3592518,2,0,0.0
29451,3,2,0.31,0,3592518,2,0,0.0
29452,1,3,0.64,0,3592518,2,0,0.0
29453,1,0,0.17,0,3592518,2,0,0.0
29454,5,3,0.86,0,3592518,2,0,0.0
29455,0,5,1.12,0,3592518,2,0,0.0
29456,3,0,0.37,0,3592518,2,0,0.0
29457,2,5,0.08,0,3592518,2,0,0.0
29458,2,2,0.97,0,3592518,2,0,1.0
29459,2,0,0.13,0,3592518,2,0,0.0
29460,2,2,0.61,0,3592518,2,0,1.0
29461,2,2,0.43,0,3592518,2,0,1.0
29462,2,3,0.29,0,3592518,2,0,0.0
29463,2,0,0.38,0,3592518,2,0,0.0
29464,5,5,0.95,0,3592518,2,0,1.0
29465,5,3,0.51,0,3592518,2,0,0.0
29466,3,2,0.93,0,3592518,2,0,0.0
29467,2,3,0.26,0,3592518,2,0,0.0
29468,2,0,0.25,0,3592518,2,0,0.0
29469,0,5,0.42,0,3592518,2,0,0.0
29470,3,5,0.22,0,3592518,2,0,0.0
29471,2,5,0.32,0,3592518,2,0,0.0
29519,2,2,4.0,0,5652642,1,0,1.0
29520,3,3,1.46,0,5652642,1,0,1.0
29521,5,2,2.26,0,5652642,1,0,0.0
29522,3,5,0.81,0,5652642,1,0,0.0
29523,2,2,0.28,0,5652642,1,0,1.0
29524,1,5,0.99,0,5652642,1,0,0.0
29525,2,5,0.27,0,5652642,1,0,0.0
29526,5,3,0.32,0,5652642,1,0,0.0
29527,3,3,0.58,0,5652642,1,0,1.0
29528,5,2,1.76,0,5652642,1,0,0.0
29529,2,3,0.78,0,5652642,1,0,0.0
29530,2,2,0.66,0,5652642,1,0,1.0
29531,3,0,0.9,0,5652642,1,0,0.0
29532,5,2,1.66,0,5652642,1,0,0.0
29533,2,2,0.92,0,5652642,1,0,1.0
29534,2,2,0.48,0,5652642,1,0,1.0
29535,2,0,0.52,0,5652642,1,0,0.0
29536,0,5,0.23,0,5652642,1,0,0.0
29537,5,0,0.7,0,5652642,1,0,0.0
29538,3,2,0.46,0,5652642,1,0,0.0
29539,2,1,0.27,0,5652642,1,0,0.0
29540,5,1,0.79,0,5652642,1,0,0.0
29541,0,3,0.3,0,5652642,1,0,0.0
29542,2,0,0.21,0,5652642,1,0,0.0
29543,3,2,0.36,0,5652642,1,0,0.0
29544,3,2,0.52,0,5652642,1,0,0.0
29545,2,3,0.25,0,5652642,1,0,0.0
29546,5,0,0.21,0,5652642,1,0,0.0
29547,0,5,0.56,0,5652642,1,0,0.0
29548,3,0,0.16,0,5652642,1,0,0.0
29549,2,2,1.48,0,5652642,2,1,1.0
29550,2,2,1.69,0,5652642,2,1,1.0
29551,3,2,2.17,0,5652642,2,1,0.0
29552,0,2,3.16,0,5652642,2,1,0.0
29553,2,3,0.64,0,5652642,2,1,0.0
29554,5,3,0.37,0,5652642,2,1,0.0
29555,2,0,0.62,0,5652642,2,1,0.0
29556,2,2,0.32,0,5652642,2,1,1.0
29557,0,1,2.23,0,5652642,2,1,0.0
29558,3,5,1.06,0,5652642,2,1,0.0
29559,0,0,0.84,0,5652642,2,1,1.0
29560,3,5,3.03,0,5652642,2,1,0.0
29561,2,5,0.23,0,5652642,2,1,0.0
29562,5,0,0.41,0,5652642,2,1,0.0
29563,2,3,0.23,0,5652642,2,1,0.0
29564,0,5,1.13,0,5652642,2,1,0.0
29565,3,5,0.3,0,5652642,2,1,0.0
29566,2,5,0.26,0,5652642,2,1,0.0
29567,3,3,0.24,0,5652642,2,1,1.0
29568,2,2,0.61,0,5652642,2,1,1.0
29569,3,3,0.35,0,5652642,2,1,1.0
29570,2,0,0.38,0,5652642,2,1,0.0
29571,5,0,0.22,0,5652642,2,1,0.0
29572,5,5,0.35,0,5652642,2,1,1.0
29573,2,2,3.3,0,5652642,2,1,1.0
29574,3,3,0.82,0,5652642,2,1,1.0
29575,1,2,0.65,0,5652642,2,1,0.0
29576,5,0,0.68,0,5652642,2,1,0.0
29577,0,3,0.55,0,5652642,2,1,0.0
29578,5,0,0.32,0,5652642,2,1,0.0
29634,3,2,3.36,0,7433581,1,0,0.0
29635,2,5,0.38,0,7433581,1,0,0.0
29636,5,0,0.26,0,7433581,1,0,0.0
29637,3,0,2.3,0,7433581,1,0,0.0
29638,2,5,2.68,0,7433581,1,0,0.0
29639,3,2,0.38,0,7433581,1,0,0.0
29640,1,0,0.67,0,7433581,1,0,0.0
29641,3,2,2.17,0,7433581,1,0,0.0
29642,2,5,0.42,0,7433581,1,0,0.0
29643,2,5,0.67,0,7433581,1,0,0.0
29644,2,2,0.19,0,7433581,1,0,1.0
29645,2,2,0.84,0,7433581,1,0,1.0
29646,5,0,1.68,0,7433581,1,0,0.0
29647,0,2,1.49,0,7433581,1,0,0.0
29648,2,0,0.72,0,7433581,1,0,0.0
29649,3,3,0.39,0,7433581,1,0,1.0
29650,3,2,1.43,0,7433581,1,0,0.0
29651,2,1,0.61,0,7433581,1,0,0.0
29652,5,2,0.48,0,7433581,1,0,0.0
29653,2,2,0.42,0,7433581,1,0,1.0
29654,0,1,1.61,0,7433581,1,0,0.0
29655,2,3,0.48,0,7433581,1,0,0.0
29656,3,3,0.48,0,7433581,1,0,1.0
29657,3,3,0.7,0,7433581,1,0,1.0
29658,3,0,0.38,0,7433581,1,0,0.0
29659,2,3,0.42,0,7433581,1,0,0.0
29660,3,3,0.31,0,7433581,1,0,1.0
29661,2,2,0.72,0,7433581,1,0,1.0
29662,3,5,0.43,0,7433581,1,0,0.0
29663,3,2,2.89,0,7433581,1,0,0.0
29664,3,5,1.32,0,7433581,2,1,0.0
29665,2,2,3.19,0,7433581,2,1,1.0
29666,5,3,2.44,0,7433581,2,1,0.0
29667,0,1,0.78,0,7433581,2,1,0.0
29668,3,3,0.9,0,7433581,2,1,1.0
29669,2,5,0.47,0,7433581,2,1,0.0
29670,3,0,0.28,0,7433581,2,1,0.0
29671,3,2,0.29,0,7433581,2,1,0.0
29672,5,0,3.18,0,7433581,2,1,0.0
29673,0,0,0.26,0,7433581,2,1,1.0
29674,2,5,2.07,0,7433581,2,1,0.0
29675,3,3,5.21,0,7433581,2,1,1.0
29676,3,2,2.4,0,7433581,2,1,0.0
29677,2,2,0.45,0,7433581,2,1,1.0
29678,2,0,0.55,0,7433581,2,1,0.0
29679,0,2,0.42,0,7433581,2,1,0.0
29680,2,3,1.18,0,7433581,2,1,0.0
29681,3,5,0.8,0,7433581,2,1,0.0
29682,2,3,0.46,0,7433581,2,1,0.0
29683,3,0,1.37,0,7433581,2,1,0.0
29684,5,5,0.5,0,7433581,2,1,1.0
29685,0,0,0.96,0,7433581,2,1,1.0
29686,3,2,1.22,0,7433581,2,1,0.0
29687,2,2,0.53,0,7433581,2,1,1.0
29688,2,5,0.7,0,7433581,2,1,0.0
29689,3,5,0.39,0,7433581,2,1,0.0
29690,0,3,1.53,0,7433581,2,1,0.0
29691,5,3,0.56,0,7433581,2,1,0.0
29692,1,0,2.35,0,7433581,2,1,0.0
29693,3,2,0.71,0,7433581,2,1,0.0
29777,2,2,4.02,0,3051554,1,1,1.0
29778,5,2,1.82,0,3051554,1,1,0.0
29779,0,0,1.03,0,3051554,1,1,1.0
29780,3,3,1.62,0,3051554,1,1,1.0
29781,0,2,3.23,0,3051554,1,1,0.0
29782,2,2,2.94,0,3051554,1,1,1.0
29783,3,3,1.23,0,3051554,1,1,1.0
29784,3,3,2.3,0,3051554,1,1,1.0
29785,0,0,1.24,0,3051554,1,1,1.0
29786,0,0,1.36,0,3051554,1,1,1.0
29787,3,3,2.61,0,3051554,1,1,1.0
29788,5,5,2.08,0,3051554,1,1,1.0
29789,5,0,0.95,0,3051554,1,1,0.0
29790,5,2,5.19,0,3051554,1,1,0.0
29791,5,5,0.7,0,3051554,1,1,1.0
29792,2,2,3.55,0,3051554,1,1,1.0
29793,3,3,1.01,0,3051554,1,1,1.0
29794,2,2,2.24,0,3051554,1,1,1.0
29795,0,0,2.73,0,3051554,1,1,1.0
29796,2,2,2.87,0,3051554,1,1,1.0
29797,2,2,2.38,0,3051554,1,1,1.0
29798,2,1,1.35,0,3051554,1,1,0.0
29799,3,3,1.17,0,3051554,1,1,1.0
29800,5,5,1.9,0,3051554,1,1,1.0
29801,3,2,1.37,0,3051554,1,1,0.0
29802,5,5,1.65,0,3051554,1,1,1.0
29803,0,0,1.59,0,3051554,1,1,1.0
29804,3,2,3.27,0,3051554,1,1,0.0
29805,5,1,2.45,0,3051554,1,1,0.0
29806,2,5,2.82,0,3051554,1,1,0.0
29807,2,2,2.22,0,3051554,2,0,1.0
29808,3,2,1.74,0,3051554,2,0,0.0
29809,3,3,1.6,0,3051554,2,0,1.0
29810,3,3,1.8,0,3051554,2,0,1.0
29811,5,5,2.79,0,3051554,2,0,1.0
29812,3,3,1.21,0,3051554,2,0,1.0
29813,2,5,3.8,0,3051554,2,0,0.0
29814,1,0,2.14,0,3051554,2,0,0.0
29815,5,5,4.66,0,3051554,2,0,1.0
29816,0,0,1.61,0,3051554,2,0,1.0
29817,5,5,2.37,0,3051554,2,0,1.0
29818,3,3,1.4,0,3051554,2,0,1.0
29819,0,0,1.65,0,3051554,2,0,1.0
29820,3,3,1.17,0,3051554,2,0,1.0
29821,2,2,2.3,0,3051554,2,0,1.0
29822,0,0,2.58,0,3051554,2,0,1.0
29823,5,5,4.58,0,3051554,2,0,1.0
29824,3,2,4.39,0,3051554,2,0,0.0
29825,3,2,1.2,0,3051554,2,0,0.0
29826,0,0,2.55,0,3051554,2,0,1.0
29827,3,3,1.4,0,3051554,2,0,1.0
29828,5,1,3.93,0,3051554,2,0,0.0
29829,2,0,1.26,0,3051554,2,0,0.0
29830,2,3,3.36,0,3051554,2,0,0.0
29831,2,2,1.0,0,3051554,2,0,1.0
29832,1,5,1.38,0,3051554,2,0,0.0
29833,0,0,1.67,0,3051554,2,0,1.0
29834,2,5,1.25,0,3051554,2,0,0.0
29835,0,2,7.43,0,3051554,2,0,0.0
29836,2,2,8.27,0,3051554,2,0,1.0
29981,0,2,4.04,0,8100829,1,0,0.0
29982,5,2,5.18,0,8100829,1,0,0.0
29983,0,0,1.3,0,8100829,1,0,1.0
29984,0,3,2.27,0,8100829,1,0,0.0
29985,3,3,1.22,0,8100829,1,0,1.0
29986,3,2,4.69,0,8100829,1,0,0.0
29987,0,0,1.4,0,8100829,1,0,1.0
29988,5,5,4.14,0,8100829,1,0,1.0
29989,5,1,4.61,0,8100829,1,0,0.0
29990,5,5,1.12,0,8100829,1,0,1.0
29991,2,2,1.32,0,8100829,1,0,1.0
29992,1,5,2.85,0,8100829,1,0,0.0
29993,0,0,1.53,0,8100829,1,0,1.0
29994,2,2,8.64,0,8100829,1,0,1.0
29995,0,5,3.52,0,8100829,1,0,0.0
29996,3,3,2.4,0,8100829,1,0,1.0
29997,3,2,1.56,0,8100829,1,0,0.0
29998,5,2,2.79,0,8100829,1,0,0.0
29999,3,3,1.16,0,8100829,1,0,1.0
30000,1,2,3.49,0,8100829,1,0,0.0
30001,3,2,1.45,0,8100829,1,0,0.0
30002,3,3,1.48,0,8100829,1,0,1.0
30003,2,2,2.41,0,8100829,1,0,1.0
30004,3,5,1.65,0,8100829,1,0,0.0
30005,5,1,3.26,0,8100829,1,0,0.0
30006,0,0,2.02,0,8100829,1,0,1.0
30007,5,2,4.3,0,8100829,1,0,0.0
30008,0,0,1.07,0,8100829,1,0,1.0
30009,3,3,1.14,0,8100829,1,0,1.0
30010,0,0,3.23,0,8100829,1,0,1.0
30011,2,2,2.75,0,8100829,2,1,1.0
30012,5,2,2.34,0,8100829,2,1,0.0
30013,3,2,2.29,0,8100829,2,1,0.0
30014,2,2,1.73,0,8100829,2,1,1.0
30015,0,0,31.76,0,8100829,2,1,1.0
30016,2,5,2.12,0,8100829,2,1,0.0
30017,3,3,1.59,0,8100829,2,1,1.0
30018,3,3,1.07,0,8100829,2,1,1.0
30019,1,5,3.14,0,8100829,2,1,0.0
30020,0,0,4.61,0,8100829,2,1,1.0
30021,2,2,1.73,0,8100829,2,1,1.0
30022,3,3,1.15,0,8100829,2,1,1.0
30023,2,3,5.43,0,8100829,2,1,0.0
30024,0,0,1.11,0,8100829,2,1,1.0
30025,5,5,2.22,0,8100829,2,1,1.0
30026,0,0,1.22,0,8100829,2,1,1.0
30027,2,5,3.9,0,8100829,2,1,0.0
30028,2,2,1.17,0,8100829,2,1,1.0
30029,3,3,1.87,0,8100829,2,1,1.0
30030,2,3,3.35,0,8100829,2,1,0.0
30031,2,5,2.4,0,8100829,2,1,0.0
30032,3,3,1.19,0,8100829,2,1,1.0
30033,2,5,1.95,0,8100829,2,1,0.0
30034,1,1,3.59,0,8100829,2,1,1.0
30035,2,2,3.53,0,8100829,2,1,1.0
30036,5,0,2.88,0,8100829,2,1,0.0
30037,2,2,2.25,0,8100829,2,1,1.0
30038,1,0,4.05,0,8100829,2,1,0.0
30039,0,0,1.25,0,8100829,2,1,1.0
30040,5,5,2.06,0,8100829,2,1,1.0
30078,2,2,2.28,0,7559498,1,1,1.0
30079,1,2,2.73,0,7559498,1,1,0.0
30080,2,2,1.98,0,7559498,1,1,1.0
30081,3,5,2.9,0,7559498,1,1,0.0
30082,2,2,1.48,0,7559498,1,1,1.0
30083,2,5,1.93,0,7559498,1,1,0.0
30084,5,5,1.99,0,7559498,1,1,1.0
30085,2,0,3.68,0,7559498,1,1,0.0
30086,3,3,1.04,0,7559498,1,1,1.0
30087,2,2,6.67,0,7559498,1,1,1.0
30088,2,2,2.18,0,7559498,1,1,1.0
30089,1,5,3.45,0,7559498,1,1,0.0
30090,3,3,1.03,0,7559498,1,1,1.0
30091,2,1,3.38,0,7559498,1,1,0.0
30092,2,2,1.16,0,7559498,1,1,1.0
30093,5,2,6.81,0,7559498,1,1,0.0
30094,0,0,1.42,0,7559498,1,1,1.0
30095,3,3,4.05,0,7559498,1,1,1.0
30096,5,5,2.58,0,7559498,1,1,1.0
30097,3,3,1.57,0,7559498,1,1,1.0
30098,0,0,1.55,0,7559498,1,1,1.0
30099,2,2,6.06,0,7559498,1,1,1.0
30100,0,0,1.32,0,7559498,1,1,1.0
30101,2,2,2.72,0,7559498,1,1,1.0
30102,5,2,4.62,0,7559498,1,1,0.0
30103,3,3,1.01,0,7559498,1,1,1.0
30104,3,3,1.35,0,7559498,1,1,1.0
30105,0,0,1.2,0,7559498,1,1,1.0
30106,1,1,7.3,0,7559498,1,1,1.0
30107,0,0,1.89,0,7559498,1,1,1.0
30108,2,2,1.88,0,7559498,2,0,1.0
30109,3,3,1.92,0,7559498,2,0,1.0
30110,1,0,2.46,0,7559498,2,0,0.0
30111,3,3,1.21,0,7559498,2,0,1.0
30112,5,5,3.31,0,7559498,2,0,1.0
30113,5,5,1.76,0,7559498,2,0,1.0
30114,1,0,3.19,0,7559498,2,0,0.0
30115,2,3,1.16,0,7559498,2,0,0.0
30116,2,5,0.96,0,7559498,2,0,0.0
30117,3,2,0.95,0,7559498,2,0,0.0
30118,2,2,1.39,0,7559498,2,0,1.0
30119,1,5,2.67,0,7559498,2,0,0.0
30120,0,2,1.88,0,7559498,2,0,0.0
30121,2,3,1.87,0,7559498,2,0,0.0
30122,1,1,0.75,0,7559498,2,0,1.0
30123,1,0,2.7,0,7559498,2,0,0.0
30124,3,3,1.53,0,7559498,2,0,1.0
30125,2,2,2.8,0,7559498,2,0,1.0
30126,0,0,1.68,0,7559498,2,0,1.0
30127,5,3,4.15,0,7559498,2,0,0.0
30128,0,0,1.34,0,7559498,2,0,1.0
30129,5,5,3.82,0,7559498,2,0,1.0
30130,5,5,2.07,0,7559498,2,0,1.0
30131,2,2,4.39,0,7559498,2,0,1.0
30132,0,0,1.32,0,7559498,2,0,1.0
30133,0,0,10.83,0,7559498,2,0,1.0
30134,5,2,9.3,0,7559498,2,0,0.0
30135,3,2,4.32,0,7559498,2,0,0.0
30136,3,3,0.97,0,7559498,2,0,1.0
30137,5,5,3.04,0,7559498,2,0,1.0
30196,2,2,4.66,0,1244051,1,1,1.0
30197,5,5,2.71,0,1244051,1,1,1.0
30199,2,1,4.54,0,1244051,1,1,0.0
30201,1,2,1.52,0,1244051,1,1,0.0
30202,3,3,3.1,0,1244051,1,1,1.0
30204,0,0,1.11,0,1244051,1,1,1.0
30205,2,2,5.5,0,1244051,1,1,1.0
30208,5,2,4.51,0,1244051,1,1,0.0
30209,2,5,2.7,0,1244051,1,1,0.0
30210,3,3,1.92,0,1244051,1,1,1.0
30211,0,0,3.9,0,1244051,1,1,1.0
30212,5,5,5.82,0,1244051,1,1,1.0
30213,0,0,1.22,0,1244051,1,1,1.0
30214,2,2,4.95,0,1244051,1,1,1.0
30215,5,2,6.07,0,1244051,1,1,0.0
30216,5,2,1.05,0,1244051,1,1,0.0
30218,3,3,1.16,0,1244051,1,1,1.0
30219,3,3,1.44,0,1244051,1,1,1.0
30222,5,5,4.8,0,1244051,1,1,1.0
30224,2,2,2.73,0,1244051,1,1,1.0
30225,2,2,3.16,0,1244051,1,1,1.0
30227,5,1,1.88,0,1244051,1,1,0.0
30228,1,2,1.16,0,1244051,1,1,0.0
30230,0,0,1.99,0,1244051,1,1,1.0
30231,3,3,1.53,0,1244051,1,1,1.0
30233,2,0,4.37,0,1244051,1,1,0.0
30234,0,0,1.52,0,1244051,1,1,1.0
30236,2,5,1.71,0,1244051,1,1,0.0
30237,5,2,2.46,0,1244051,1,1,0.0
30239,3,3,1.05,0,1244051,1,1,1.0
30258,3,2,2.58,0,8672700,1,0,0.0
30259,2,2,1.7,0,8672700,1,0,1.0
30260,3,2,1.19,0,8672700,1,0,0.0
30261,2,2,0.82,0,8672700,1,0,1.0
30262,2,1,0.83,0,8672700,1,0,0.0
30263,1,0,0.77,0,8672700,1,0,0.0
30264,0,3,0.94,0,8672700,1,0,0.0
30265,5,3,1.16,0,8672700,1,0,0.0
30266,3,5,0.88,0,8672700,1,0,0.0
30267,5,0,0.73,0,8672700,1,0,0.0
30268,0,3,0.71,0,8672700,1,0,0.0
30269,2,0,5.86,0,8672700,1,0,0.0
30270,3,3,1.5,0,8672700,1,0,1.0
30271,3,2,0.6,0,8672700,1,0,0.0
30272,3,3,1.23,0,8672700,1,0,1.0
30273,2,2,0.59,0,8672700,1,0,1.0
30274,1,3,0.93,0,8672700,1,0,0.0
30275,5,2,0.72,0,8672700,1,0,0.0
30276,5,2,0.69,0,8672700,1,0,0.0
30277,0,2,0.69,0,8672700,1,0,0.0
30278,5,2,0.4,0,8672700,1,0,0.0
30279,2,5,0.88,0,8672700,1,0,0.0
30280,5,2,0.77,0,8672700,1,0,0.0
30281,0,5,1.22,0,8672700,1,0,0.0
30282,5,5,0.39,0,8672700,1,0,1.0
30283,0,5,0.45,0,8672700,1,0,0.0
30284,3,1,0.38,0,8672700,1,0,0.0
30285,2,0,0.94,0,8672700,1,0,0.0
30286,2,0,0.46,0,8672700,1,0,0.0
30287,3,0,0.42,0,8672700,1,0,0.0
30288,2,2,1.44,0,8672700,2,1,1.0
30289,2,5,0.47,0,8672700,2,1,0.0
30290,5,5,0.17,0,8672700,2,1,1.0
30291,5,2,0.35,0,8672700,2,1,0.0
30292,2,5,0.73,0,8672700,2,1,0.0
30293,3,3,0.59,0,8672700,2,1,1.0
30294,1,2,0.47,0,8672700,2,1,0.0
30295,2,3,0.44,0,8672700,2,1,0.0
30296,5,3,0.35,0,8672700,2,1,0.0
30297,2,2,0.42,0,8672700,2,1,1.0
30298,5,2,0.41,0,8672700,2,1,0.0
30299,0,3,1.25,0,8672700,2,1,0.0
30300,3,0,0.74,0,8672700,2,1,0.0
30301,3,1,0.28,0,8672700,2,1,0.0
30302,2,3,2.75,0,8672700,2,1,0.0
30303,3,2,0.64,0,8672700,2,1,0.0
30304,5,0,1.69,0,8672700,2,1,0.0
30305,0,0,0.63,0,8672700,2,1,1.0
30306,0,3,0.63,0,8672700,2,1,0.0
30307,5,5,1.69,0,8672700,2,1,1.0
30308,5,0,2.24,0,8672700,2,1,0.0
30309,3,5,1.45,0,8672700,2,1,0.0
30310,2,5,4.91,0,8672700,2,1,0.0
30311,3,0,2.64,0,8672700,2,1,0.0
30312,2,5,4.64,0,8672700,2,1,0.0
30313,5,2,2.52,0,8672700,2,1,0.0
30314,0,0,0.28,0,8672700,2,1,1.0
30315,5,0,0.2,0,8672700,2,1,0.0
30316,3,2,0.17,0,8672700,2,1,0.0
30317,2,3,0.21,0,8672700,2,1,0.0
30318,2,2,1.83,0,1244051,2,0,1.0
30319,3,5,1.11,0,1244051,2,0,0.0
30320,5,2,3.32,0,1244051,2,0,0.0
30321,0,0,2.0,0,1244051,2,0,1.0
30322,3,3,2.83,0,1244051,2,0,1.0
30323,3,3,1.18,0,1244051,2,0,1.0
30324,2,2,3.34,0,1244051,2,0,1.0
30325,0,0,1.18,0,1244051,2,0,1.0
30326,1,0,4.62,0,1244051,2,0,0.0
30327,5,5,4.54,0,1244051,2,0,1.0
30328,5,5,3.73,0,1244051,2,0,1.0
30329,3,5,3.8,0,1244051,2,0,0.0
30330,5,2,1.49,0,1244051,2,0,0.0
30331,2,2,3.38,0,1244051,2,0,1.0
30332,0,2,2.75,0,1244051,2,0,0.0
30333,2,3,1.47,0,1244051,2,0,0.0
30334,2,2,3.42,0,1244051,2,0,1.0
30335,0,0,1.27,0,1244051,2,0,1.0
30336,2,5,6.52,0,1244051,2,0,0.0
30337,5,2,1.35,0,1244051,2,0,0.0
30338,3,3,1.38,0,1244051,2,0,1.0
30339,1,1,10.12,0,1244051,2,0,1.0
30340,5,5,5.69,0,1244051,2,0,1.0
30341,2,0,2.12,0,1244051,2,0,0.0
30342,5,3,7.76,0,1244051,2,0,0.0
30343,3,3,0.99,0,1244051,2,0,1.0
30344,0,0,1.15,0,1244051,2,0,1.0
30345,3,3,3.33,0,1244051,2,0,1.0
30346,5,0,8.12,0,1244051,2,0,0.0
30347,5,5,2.87,0,1244051,2,0,1.0
30383,3,2,3.37,0,6657528,1,0,0.0
30384,0,0,1.28,0,6657528,1,0,1.0
30385,2,2,2.21,0,6657528,1,0,1.0
30386,3,3,2.95,0,6657528,1,0,1.0
30387,0,5,1.73,0,6657528,1,0,0.0
30388,5,2,0.98,0,6657528,1,0,0.0
30389,0,0,2.69,0,6657528,1,0,1.0
30390,5,2,6.05,0,6657528,1,0,0.0
30391,3,3,1.13,0,6657528,1,0,1.0
30392,3,3,1.36,0,6657528,1,0,1.0
30393,5,5,1.88,0,6657528,1,0,1.0
30394,2,2,1.79,0,6657528,1,0,1.0
30395,5,5,2.64,0,6657528,1,0,1.0
30396,5,0,5.25,0,6657528,1,0,0.0
30397,3,3,1.12,0,6657528,1,0,1.0
30398,5,2,3.77,0,6657528,1,0,0.0
30399,2,5,1.1,0,6657528,1,0,0.0
30400,5,2,2.23,0,6657528,1,0,0.0
30401,2,1,1.3,0,6657528,1,0,0.0
30402,3,3,1.17,0,6657528,1,0,1.0
30403,3,2,7.11,0,6657528,1,0,0.0
30404,2,2,1.56,0,6657528,1,0,1.0
30405,3,2,1.04,0,6657528,1,0,0.0
30406,0,0,1.13,0,6657528,1,0,1.0
30407,2,1,5.61,0,6657528,1,0,0.0
30408,0,0,0.97,0,6657528,1,0,1.0
30409,2,2,2.17,0,6657528,1,0,1.0
30410,0,0,1.47,0,6657528,1,0,1.0
30411,3,3,3.3,0,6657528,1,0,1.0
30412,5,5,1.8,0,6657528,1,0,1.0
30413,3,2,27.62,0,6657528,2,1,0.0
30414,2,5,2.63,0,6657528,2,1,0.0
30415,3,3,2.54,0,6657528,2,1,1.0
30416,5,5,4.94,0,6657528,2,1,1.0
30417,1,0,2.87,0,6657528,2,1,0.0
30418,1,5,1.63,0,6657528,2,1,0.0
30419,2,2,1.51,0,6657528,2,1,1.0
30420,3,5,1.39,0,6657528,2,1,0.0
30421,5,5,8.67,0,6657528,2,1,1.0
30422,0,0,2.08,0,6657528,2,1,1.0
30423,2,0,5.3,0,6657528,2,1,0.0
30424,1,0,1.64,0,6657528,2,1,0.0
30425,0,2,1.42,0,6657528,2,1,0.0
30426,2,5,2.05,0,6657528,2,1,0.0
30427,0,0,13.37,0,6657528,2,1,1.0
30428,3,3,1.6,0,6657528,2,1,1.0
30430,2,2,11.21,0,6657528,2,1,1.0
30432,2,3,1.65,0,6657528,2,1,0.0
30435,2,2,7.29,0,6657528,2,1,1.0
30436,0,0,1.08,0,6657528,2,1,1.0
30438,1,1,3.06,0,6657528,2,1,1.0
30439,3,3,1.27,0,6657528,2,1,1.0
30440,3,3,1.18,0,6657528,2,1,1.0
30441,5,3,1.85,0,6657528,2,1,0.0
30443,5,2,0.7,0,6657528,2,1,0.0
30444,2,2,3.58,0,6657528,2,1,1.0
30446,0,0,1.03,0,6657528,2,1,1.0
30447,5,5,1.93,0,6657528,2,1,1.0
30449,2,2,4.0,0,6657528,2,1,1.0
30450,5,3,1.06,0,6657528,2,1,0.0
30512,2,2,2.07,0,2438325,1,1,1.0
30513,2,2,0.68,0,2438325,1,1,1.0
30514,2,0,9.18,0,2438325,1,1,0.0
30515,3,2,9.14,0,2438325,1,1,0.0
30516,2,0,2.33,0,2438325,1,1,0.0
30517,5,1,2.36,0,2438325,1,1,0.0
30518,3,5,1.75,0,2438325,1,1,0.0
30519,3,2,0.42,0,2438325,1,1,0.0
30520,5,2,0.47,0,2438325,1,1,0.0
30521,0,2,1.69,0,2438325,1,1,0.0
30522,2,2,0.97,0,2438325,1,1,1.0
30523,3,2,0.69,0,2438325,1,1,0.0
30524,3,3,1.28,0,2438325,1,1,1.0
30525,5,5,1.38,0,2438325,1,1,1.0
30526,0,2,1.17,0,2438325,1,1,0.0
30527,3,3,0.39,0,2438325,1,1,1.0
30528,2,3,0.65,0,2438325,1,1,0.0
30529,5,0,0.7,0,2438325,1,1,0.0
30530,2,3,4.97,0,2438325,1,1,0.0
30531,3,0,0.34,0,2438325,1,1,0.0
30532,3,1,2.93,0,2438325,1,1,0.0
30533,5,0,2.97,0,2438325,1,1,0.0
30534,2,5,3.74,0,2438325,1,1,0.0
30535,3,3,0.68,0,2438325,1,1,1.0
30536,3,5,1.03,0,2438325,1,1,0.0
30537,5,2,1.89,0,2438325,1,1,0.0
30538,0,2,0.13,0,2438325,1,1,0.0
30539,5,3,0.49,0,2438325,1,1,0.0
30540,2,5,1.09,0,2438325,1,1,0.0
30541,2,0,1.95,0,2438325,1,1,0.0
30542,3,2,3.21,0,2438325,2,0,0.0
30543,2,2,1.4,0,2438325,2,0,1.0
30544,2,3,0.38,0,2438325,2,0,0.0
30545,5,3,2.27,0,2438325,2,0,0.0
30546,0,5,2.41,0,2438325,2,0,0.0
30547,5,5,0.66,0,2438325,2,0,1.0
30548,5,1,0.48,0,2438325,2,0,0.0
30549,2,2,0.4,0,2438325,2,0,1.0
30550,1,2,0.64,0,2438325,2,0,0.0
30551,2,5,0.35,0,2438325,2,0,0.0
30552,5,3,0.18,0,2438325,2,0,0.0
30553,2,0,0.22,0,2438325,2,0,0.0
30554,3,0,0.28,0,2438325,2,0,0.0
30555,5,3,0.27,0,2438325,2,0,0.0
30556,3,2,4.05,0,2438325,2,0,0.0
30557,3,2,2.82,0,2438325,2,0,0.0
30558,2,0,1.5,0,2438325,2,0,0.0
30559,3,2,3.46,0,2438325,2,0,0.0
30560,2,3,1.62,0,2438325,2,0,0.0
30561,2,5,0.88,0,2438325,2,0,0.0
30562,5,5,1.2,0,2438325,2,0,1.0
30563,3,2,1.96,0,2438325,2,0,0.0
30564,0,0,2.3,0,2438325,2,0,1.0
30565,5,5,1.86,0,2438325,2,0,1.0
30566,2,5,1.15,0,2438325,2,0,0.0
30567,3,3,0.71,0,2438325,2,0,1.0
30568,2,0,1.52,0,2438325,2,0,0.0
30569,5,3,1.2,0,2438325,2,0,0.0
30570,3,0,1.65,0,2438325,2,0,0.0
30571,3,0,1.23,0,2438325,2,0,0.0
30625,2,2,4.74,0,879745,1,0,1.0
30626,2,2,0.46,0,879745,1,0,1.0
30627,2,3,0.45,0,879745,1,0,0.0
30628,3,5,0.33,0,879745,1,0,0.0
30629,0,0,1.29,0,879745,1,0,1.0
30630,1,2,0.99,0,879745,1,0,0.0
30631,3,1,1.23,0,879745,1,0,0.0
30632,5,2,0.44,0,879745,1,0,0.0
30633,0,5,0.73,0,879745,1,0,0.0
30634,5,1,0.25,0,879745,1,0,0.0
30635,1,2,0.52,0,879745,1,0,0.0
30636,3,3,0.92,0,879745,1,0,1.0
30637,1,2,1.08,0,879745,1,0,0.0
30638,5,0,0.32,0,879745,1,0,0.0
30639,2,3,0.25,0,879745,1,0,0.0
30640,3,0,0.25,0,879745,1,0,0.0
30641,0,3,1.99,0,879745,1,0,0.0
30642,5,2,0.73,0,879745,1,0,0.0
30643,3,3,1.75,0,879745,1,0,1.0
30644,2,5,0.48,0,879745,1,0,0.0
30645,1,5,0.5,0,879745,1,0,0.0
30646,3,2,0.51,0,879745,1,0,0.0
30647,3,2,0.46,0,879745,1,0,0.0
30648,2,0,0.48,0,879745,1,0,0.0
30649,3,0,0.69,0,879745,1,0,0.0
30650,2,2,2.47,0,879745,1,0,1.0
30651,5,2,0.77,0,879745,1,0,0.0
30652,0,3,0.85,0,879745,1,0,0.0
30653,1,0,0.95,0,879745,1,0,0.0
30654,2,5,4.63,0,879745,1,0,0.0
30655,3,5,0.83,0,879745,2,1,0.0
30656,1,2,0.33,0,879745,2,1,0.0
30657,3,3,0.36,0,879745,2,1,1.0
30658,2,5,4.84,0,879745,2,1,0.0
30659,3,0,2.09,0,879745,2,1,0.0
30660,2,2,0.35,0,879745,2,1,1.0
30661,3,0,1.34,0,879745,2,1,0.0
30662,2,2,0.81,0,879745,2,1,1.0
30663,5,3,1.16,0,879745,2,1,0.0
30664,0,3,0.4,0,879745,2,1,0.0
30665,5,0,0.31,0,879745,2,1,0.0
30666,3,3,3.09,0,879745,2,1,1.0
30667,2,2,0.5,0,879745,2,1,1.0
30668,2,0,0.52,0,879745,2,1,0.0
30669,3,2,2.05,0,879745,2,1,0.0
30670,2,0,0.57,0,879745,2,1,0.0
30671,1,0,0.57,0,879745,2,1,0.0
30672,3,3,0.63,0,879745,2,1,1.0
30673,3,5,1.71,0,879745,2,1,0.0
30674,2,5,0.57,0,879745,2,1,0.0
30675,3,1,0.67,0,879745,2,1,0.0
30676,2,3,0.46,0,879745,2,1,0.0
30727,2,5,0.42,0,8234878,1,1,0.0
30728,5,2,0.5,0,8234878,1,1,0.0
30729,2,2,0.28,0,8234878,1,1,1.0
30730,2,1,0.45,0,8234878,1,1,0.0
30731,2,3,0.53,0,8234878,1,1,0.0
30732,3,0,0.6,0,8234878,1,1,0.0
30733,1,0,0.53,0,8234878,1,1,0.0
30734,0,0,0.28,0,8234878,1,1,1.0
30735,5,3,1.25,0,8234878,1,1,0.0
30736,0,3,0.54,0,8234878,1,1,0.0
30737,2,2,0.94,0,8234878,1,1,1.0
30738,2,2,0.94,0,8234878,1,1,1.0
30739,2,2,0.38,0,8234878,1,1,1.0
30740,5,3,1.77,0,8234878,1,1,0.0
30741,5,0,1.04,0,8234878,1,1,0.0
30742,0,3,1.0,0,8234878,1,1,0.0
30743,2,5,0.43,0,8234878,1,1,0.0
30744,3,2,3.15,0,8234878,1,1,0.0
30745,3,2,1.06,0,8234878,2,0,0.0
30746,1,0,1.72,0,8234878,2,0,0.0
30747,5,3,0.48,0,8234878,2,0,0.0
30748,2,3,0.3,0,8234878,2,0,0.0
30749,0,3,0.7,0,8234878,2,0,0.0
30750,5,2,1.51,0,8234878,2,0,0.0
30751,3,0,0.5,0,8234878,2,0,0.0
30752,2,0,0.39,0,8234878,2,0,0.0
30753,1,3,0.35,0,8234878,2,0,0.0
30754,3,5,0.2,0,8234878,2,0,0.0
30755,2,2,0.39,0,8234878,2,0,1.0
30756,2,2,0.36,0,8234878,2,0,1.0
30757,2,3,0.55,0,8234878,2,0,0.0
30758,3,2,0.85,0,8234878,2,0,0.0
30759,1,0,0.48,0,8234878,2,0,0.0
30760,2,5,0.35,0,8234878,2,0,0.0
30761,3,5,1.24,0,8234878,2,0,0.0
30762,5,5,1.01,0,8234878,2,0,1.0
30763,5,0,0.45,0,8234878,2,0,0.0
30764,0,5,1.09,0,8234878,2,0,0.0
30765,5,0,0.49,0,8234878,2,0,0.0
30856,2,2,2.05,0,7440384,1,1,1.0
30857,3,3,2.21,0,7440384,1,1,1.0
30858,5,5,3.32,0,7440384,1,1,1.0
30859,1,1,3.44,0,7440384,1,1,1.0
30860,2,2,3.75,0,7440384,1,1,1.0
30861,5,5,2.95,0,7440384,1,1,1.0
30862,5,2,2.81,0,7440384,1,1,0.0
30863,3,3,1.07,0,7440384,1,1,1.0
30864,3,0,3.99,0,7440384,1,1,0.0
30865,5,2,3.74,0,7440384,1,1,0.0
30866,0,0,1.11,0,7440384,1,1,1.0
30867,2,2,5.41,0,7440384,1,1,1.0
30868,3,3,1.4,0,7440384,1,1,1.0
30869,3,3,1.31,0,7440384,1,1,1.0
30870,0,0,5.36,0,7440384,1,1,1.0
30871,3,3,1.4,0,7440384,1,1,1.0
30872,2,2,2.68,0,7440384,1,1,1.0
30873,5,5,1.35,0,7440384,1,1,1.0
30874,3,2,2.12,0,7440384,1,1,0.0
30875,3,3,1.75,0,7440384,1,1,1.0
30876,2,2,1.89,0,7440384,1,1,1.0
30877,2,5,0.95,0,7440384,1,1,0.0
30878,5,1,2.29,0,7440384,1,1,0.0
30879,2,2,1.58,0,7440384,1,1,1.0
30880,3,5,2.02,0,7440384,1,1,0.0
30881,0,0,1.3,0,7440384,1,1,1.0
30882,1,2,2.28,0,7440384,1,1,0.0
30883,2,2,1.42,0,7440384,1,1,1.0
30884,0,0,1.4,0,7440384,1,1,1.0
30885,3,0,1.56,0,7440384,1,1,0.0
30886,2,2,1.62,0,7440384,2,0,1.0
30887,3,2,1.77,0,7440384,2,0,0.0
30888,0,0,1.38,0,7440384,2,0,1.0
30889,5,5,3.18,0,7440384,2,0,1.0
30890,0,0,1.76,0,7440384,2,0,1.0
30891,2,2,1.99,0,7440384,2,0,1.0
30892,0,0,1.78,0,7440384,2,0,1.0
30893,5,2,1.66,0,7440384,2,0,0.0
30894,5,5,1.31,0,7440384,2,0,1.0
30895,0,0,1.05,0,7440384,2,0,1.0
30896,2,5,2.76,0,7440384,2,0,0.0
30897,5,3,2.82,0,7440384,2,0,0.0
30898,0,1,1.72,0,7440384,2,0,0.0
30899,1,5,1.2,0,7440384,2,0,0.0
30900,3,3,1.49,0,7440384,2,0,1.0
30901,2,5,2.46,0,7440384,2,0,0.0
30902,0,0,1.02,0,7440384,2,0,1.0
30903,3,3,1.66,0,7440384,2,0,1.0
30904,1,0,3.86,0,7440384,2,0,0.0
30905,3,3,1.9,0,7440384,2,0,1.0
30906,5,3,3.17,0,7440384,2,0,0.0
30907,2,5,1.43,0,7440384,2,0,0.0
30908,1,5,2.28,0,7440384,2,0,0.0
30909,3,3,1.17,0,7440384,2,0,1.0
30910,0,2,2.24,0,7440384,2,0,0.0
30911,2,0,1.32,0,7440384,2,0,0.0
30912,2,2,2.34,0,7440384,2,0,1.0
30913,3,3,1.21,0,7440384,2,0,1.0
30914,2,2,8.6,0,7440384,2,0,1.0
30915,1,2,2.21,0,7440384,2,0,0.0
30950,2,2,1.97,0,6631202,1,1,1.0
30951,3,3,1.07,0,6631202,1,1,1.0
30952,2,0,0.96,0,6631202,1,1,0.0
30953,5,5,1.56,0,6631202,1,1,1.0
30954,1,5,1.28,0,6631202,1,1,0.0
30955,1,1,1.7,0,6631202,1,1,1.0
30956,3,3,1.58,0,6631202,1,1,1.0
30957,2,2,6.07,0,6631202,1,1,1.0
30958,0,0,1.14,0,6631202,1,1,1.0
30959,3,3,1.52,0,6631202,1,1,1.0
30960,3,2,4.0,0,6631202,1,1,0.0
30961,5,2,1.82,0,6631202,1,1,0.0
30962,2,5,1.71,0,6631202,1,1,0.0
30963,0,0,4.8,0,6631202,1,1,1.0
30964,2,2,3.02,0,6631202,1,1,1.0
30965,5,2,2.24,0,6631202,1,1,0.0
30966,0,0,1.06,0,6631202,1,1,1.0
30967,5,2,2.73,0,6631202,1,1,0.0
30968,2,1,1.36,0,6631202,1,1,0.0
30969,5,2,3.72,0,6631202,1,1,0.0
30970,3,3,1.04,0,6631202,1,1,1.0
30971,5,5,1.21,0,6631202,1,1,1.0
30972,3,3,1.01,0,6631202,1,1,1.0
30973,0,0,1.76,0,6631202,1,1,1.0
30974,3,3,4.37,0,6631202,1,1,1.0
30975,5,2,3.39,0,6631202,1,1,0.0
30976,0,0,1.26,0,6631202,1,1,1.0
30977,2,5,2.44,0,6631202,1,1,0.0
30978,2,2,4.39,0,6631202,1,1,1.0
30979,5,2,4.7,0,6631202,1,1,0.0
30980,2,2,1.87,0,6631202,2,0,1.0
30981,3,3,1.2,0,6631202,2,0,1.0
30982,0,0,1.52,0,6631202,2,0,1.0
30983,3,3,1.22,0,6631202,2,0,1.0
30984,3,2,1.27,0,6631202,2,0,0.0
30985,0,0,1.3,0,6631202,2,0,1.0
30986,0,0,1.13,0,6631202,2,0,1.0
30987,3,3,1.54,0,6631202,2,0,1.0
30988,5,5,2.59,0,6631202,2,0,1.0
30989,0,0,1.99,0,6631202,2,0,1.0
30990,1,5,3.5,0,6631202,2,0,0.0
30991,3,5,1.38,0,6631202,2,0,0.0
30992,1,0,1.81,0,6631202,2,0,0.0
30993,5,3,3.78,0,6631202,2,0,0.0
30994,5,2,1.44,0,6631202,2,0,0.0
30995,2,5,1.64,0,6631202,2,0,0.0
30996,3,3,1.15,0,6631202,2,0,1.0
30997,3,3,1.31,0,6631202,2,0,1.0
30998,5,5,1.86,0,6631202,2,0,1.0
30999,5,5,2.3,0,6631202,2,0,1.0
31000,0,0,4.69,0,6631202,2,0,1.0
31001,5,3,4.09,0,6631202,2,0,0.0
31002,2,2,2.01,0,6631202,2,0,1.0
31003,1,5,1.85,0,6631202,2,0,0.0
31004,1,1,2.39,0,6631202,2,0,1.0
31005,2,2,1.27,0,6631202,2,0,1.0
31006,3,2,1.29,0,6631202,2,0,0.0
31007,5,2,1.48,0,6631202,2,0,0.0
31008,0,0,1.9,0,6631202,2,0,1.0
31009,2,2,3.04,0,6631202,2,0,1.0
31037,0,2,2.81,0,1066507,1,0,0.0
31038,2,1,4.86,0,1066507,1,0,0.0
31039,5,5,2.11,0,1066507,1,0,1.0
31040,0,0,1.0,0,1066507,1,0,1.0
31041,0,5,3.87,0,1066507,1,0,0.0
31042,3,2,1.38,0,1066507,1,0,0.0
31043,3,3,1.02,0,1066507,1,0,1.0
31044,1,2,1.28,0,1066507,1,0,0.0
31045,2,3,1.56,0,1066507,1,0,0.0
31046,2,2,2.44,0,1066507,1,0,1.0
31047,5,5,1.38,0,1066507,1,0,1.0
31048,3,2,5.69,0,1066507,1,0,0.0
31049,1,0,1.65,0,1066507,1,0,0.0
31050,0,0,1.0,0,1066507,1,0,1.0
31051,3,2,1.72,0,1066507,1,0,0.0
31052,5,2,2.04,0,1066507,1,0,0.0
31053,5,1,1.18,0,1066507,1,0,0.0
31054,5,5,1.37,0,1066507,1,0,1.0
31055,3,3,1.4,0,1066507,1,0,1.0
31056,3,2,1.28,0,1066507,1,0,0.0
31057,2,5,1.0,0,1066507,1,0,0.0
31058,2,2,1.2,0,1066507,1,0,1.0
31059,3,3,0.99,0,1066507,1,0,1.0
31060,2,2,1.75,0,1066507,1,0,1.0
31061,0,0,1.42,0,1066507,1,0,1.0
31062,0,0,1.19,0,1066507,1,0,1.0
31063,0,0,1.42,0,1066507,1,0,1.0
31064,5,2,4.03,0,1066507,1,0,0.0
31065,3,3,1.43,0,1066507,1,0,1.0
31066,3,3,1.07,0,1066507,1,0,1.0
31067,2,2,1.46,0,1066507,2,1,1.0
31068,3,3,4.06,0,1066507,2,1,1.0
31069,2,2,2.76,0,1066507,2,1,1.0
31070,5,5,1.72,0,1066507,2,1,1.0
31071,0,0,1.39,0,1066507,2,1,1.0
31072,1,5,7.66,0,1066507,2,1,0.0
31073,3,3,1.27,0,1066507,2,1,1.0
31074,2,0,1.6,0,1066507,2,1,0.0
31075,3,3,1.08,0,1066507,2,1,1.0
31076,5,5,2.22,0,1066507,2,1,1.0
31077,2,5,2.54,0,1066507,2,1,0.0
31078,3,3,1.2,0,1066507,2,1,1.0
31079,1,1,2.37,0,1066507,2,1,1.0
31080,2,2,2.04,0,1066507,2,1,1.0
31081,5,5,1.31,0,1066507,2,1,1.0
31082,3,3,2.32,0,1066507,2,1,1.0
31083,0,2,2.52,0,1066507,2,1,0.0
31084,3,2,3.18,0,1066507,2,1,0.0
31085,0,2,1.74,0,1066507,2,1,0.0
31086,2,3,1.28,0,1066507,2,1,0.0
31087,1,0,3.51,0,1066507,2,1,0.0
31088,0,0,1.46,0,1066507,2,1,1.0
31089,0,0,1.1,0,1066507,2,1,1.0
31090,5,2,5.03,0,1066507,2,1,0.0
31091,2,3,1.14,0,1066507,2,1,0.0
31092,5,5,1.83,0,1066507,2,1,1.0
31093,0,0,1.28,0,1066507,2,1,1.0
31094,2,5,1.67,0,1066507,2,1,0.0
31095,2,0,1.59,0,1066507,2,1,0.0
31096,1,2,4.43,0,1066507,2,1,0.0
31125,0,2,4.09,0,2454081,1,1,0.0
31126,2,2,2.15,0,2454081,1,1,1.0
31127,5,2,1.08,0,2454081,1,1,0.0
31128,3,3,1.1,0,2454081,1,1,1.0
31129,2,2,2.14,0,2454081,1,1,1.0
31130,0,0,1.09,0,2454081,1,1,1.0
31131,5,2,1.32,0,2454081,1,1,0.0
31132,5,2,0.99,0,2454081,1,1,0.0
31133,3,2,2.9,0,2454081,1,1,0.0
31134,2,2,1.25,0,2454081,1,1,1.0
31135,5,5,1.19,0,2454081,1,1,1.0
31136,0,0,1.14,0,2454081,1,1,1.0
31137,0,0,1.43,0,2454081,1,1,1.0
31138,3,3,1.49,0,2454081,1,1,1.0
31139,3,3,1.17,0,2454081,1,1,1.0
31140,0,0,1.11,0,2454081,1,1,1.0
31141,3,3,1.94,0,2454081,1,1,1.0
31142,3,3,1.37,0,2454081,1,1,1.0
31143,5,1,2.26,0,2454081,1,1,0.0
31144,5,5,1.9,0,2454081,1,1,1.0
31145,1,0,1.38,0,2454081,1,1,0.0
31146,5,2,2.07,0,2454081,1,1,0.0
31147,5,5,1.54,0,2454081,1,1,1.0
31148,3,5,1.43,0,2454081,1,1,0.0
31149,2,5,1.98,0,2454081,1,1,0.0
31150,2,1,0.96,0,2454081,1,1,0.0
31151,3,3,1.53,0,2454081,1,1,1.0
31152,2,2,1.11,0,2454081,1,1,1.0
31153,2,0,1.14,0,2454081,1,1,0.0
31154,5,2,1.91,0,2454081,1,1,0.0
31155,2,2,2.83,0,2454081,2,0,1.0
31156,5,0,2.84,0,2454081,2,0,0.0
31157,0,0,1.09,0,2454081,2,0,1.0
31158,3,3,1.55,0,2454081,2,0,1.0
31159,1,0,3.48,0,2454081,2,0,0.0
31160,3,2,2.59,0,2454081,2,0,0.0
31161,5,5,1.34,0,2454081,2,0,1.0
31162,0,0,1.12,0,2454081,2,0,1.0
31163,5,5,2.69,0,2454081,2,0,1.0
31164,3,5,2.5,0,2454081,2,0,0.0
31165,5,5,1.65,0,2454081,2,0,1.0
31166,5,5,1.35,0,2454081,2,0,1.0
31167,3,3,1.05,0,2454081,2,0,1.0
31168,2,2,2.23,0,2454081,2,0,1.0
31169,3,3,2.36,0,2454081,2,0,1.0
31170,3,3,2.63,0,2454081,2,0,1.0
31171,1,0,2.05,0,2454081,2,0,0.0
31172,0,2,2.26,0,2454081,2,0,0.0
31173,0,0,1.14,0,2454081,2,0,1.0
31174,3,3,4.92,0,2454081,2,0,1.0
31175,1,1,1.71,0,2454081,2,0,1.0
31176,2,0,2.34,0,2454081,2,0,0.0
31177,5,5,1.38,0,2454081,2,0,1.0
31178,5,2,3.29,0,2454081,2,0,0.0
31179,2,2,1.79,0,2454081,2,0,1.0
31180,5,3,1.83,0,2454081,2,0,0.0
31181,5,2,0.87,0,2454081,2,0,0.0
31182,2,2,2.33,0,2454081,2,0,1.0
31183,5,5,1.28,0,2454081,2,0,1.0
31184,3,3,1.4,0,2454081,2,0,1.0
31285,2,2,1.67,0,2952405,1,1,1.0
31286,0,0,2.96,0,2952405,1,1,1.0
31287,2,1,1.51,0,2952405,1,1,0.0
31288,3,3,2.16,0,2952405,1,1,1.0
31289,5,2,1.41,0,2952405,1,1,0.0
31290,3,3,0.98,0,2952405,1,1,1.0
31291,0,0,7.91,0,2952405,1,1,1.0
31292,2,2,1.38,0,2952405,1,1,1.0
31293,2,2,1.26,0,2952405,1,1,1.0
31294,0,0,1.29,0,2952405,1,1,1.0
31295,2,0,27.61,0,2952405,1,1,0.0
31296,2,0,0.9,0,2952405,1,1,0.0
31297,0,5,1.92,0,2952405,1,1,0.0
31298,2,2,1.22,0,2952405,1,1,1.0
31299,3,3,0.9,0,2952405,1,1,1.0
31300,2,2,47.65,0,2952405,1,1,1.0
31301,3,2,2.18,0,2952405,1,1,0.0
31302,0,2,1.19,0,2952405,1,1,0.0
31303,5,5,1.12,0,2952405,1,1,1.0
31304,5,1,1.19,0,2952405,1,1,0.0
31305,5,5,1.17,0,2952405,1,1,1.0
31306,2,2,1.35,0,2952405,1,1,1.0
31307,2,2,1.58,0,2952405,1,1,1.0
31308,3,2,1.1,0,2952405,1,1,0.0
31309,2,0,1.74,0,2952405,1,1,0.0
31310,5,5,1.93,0,2952405,1,1,1.0
31311,3,3,1.56,0,2952405,1,1,1.0
31312,3,3,0.92,0,2952405,1,1,1.0
31313,1,5,5.17,0,2952405,1,1,0.0
31314,3,3,1.2,0,2952405,1,1,1.0
31315,0,0,2.34,0,2952405,2,0,1.0
31316,0,0,1.52,0,2952405,2,0,1.0
31317,5,5,1.53,0,2952405,2,0,1.0
31318,2,2,1.06,0,2952405,2,0,1.0
31319,5,5,2.39,0,2952405,2,0,1.0
31320,0,0,1.15,0,2952405,2,0,1.0
31321,2,2,2.48,0,2952405,2,0,1.0
31322,3,5,1.51,0,2952405,2,0,0.0
31323,2,1,1.14,0,2952405,2,0,0.0
31324,1,5,0.93,0,2952405,2,0,0.0
31325,2,3,1.69,0,2952405,2,0,0.0
31326,3,2,1.37,0,2952405,2,0,0.0
31327,3,3,1.24,0,2952405,2,0,1.0
31328,5,2,3.53,0,2952405,2,0,0.0
31329,3,3,1.08,0,2952405,2,0,1.0
31330,5,5,2.04,0,2952405,2,0,1.0
31331,0,0,2.64,0,2952405,2,0,1.0
31332,0,2,3.46,0,2952405,2,0,0.0
31333,3,3,1.26,0,2952405,2,0,1.0
31334,2,2,1.62,0,2952405,2,0,1.0
31335,2,5,5.73,0,2952405,2,0,0.0
31336,2,2,12.72,2,2952405,2,0,1.0
31337,5,3,3.46,0,2952405,2,0,0.0
31338,3,3,2.36,0,2952405,2,0,1.0
31339,3,2,1.64,0,2952405,2,0,0.0
31340,0,0,1.05,0,2952405,2,0,1.0
31341,3,3,2.28,0,2952405,2,0,1.0
31342,0,0,1.93,0,2952405,2,0,1.0
31343,1,0,2.39,0,2952405,2,0,0.0
31344,1,5,1.24,0,2952405,2,0,0.0
31438,2,2,1.88,0,6692319,1,0,1.0
31439,3,3,0.86,0,6692319,1,0,1.0
31440,2,2,1.2,0,6692319,1,0,1.0
31441,0,0,1.07,0,6692319,1,0,1.0
31442,2,2,3.37,0,6692319,1,0,1.0
31443,2,0,1.07,0,6692319,1,0,0.0
31444,3,3,1.12,0,6692319,1,0,1.0
31445,3,3,1.55,0,6692319,1,0,1.0
31446,3,2,1.14,0,6692319,1,0,0.0
31447,5,3,1.91,0,6692319,1,0,0.0
31448,0,0,1.06,0,6692319,1,0,1.0
31449,2,2,2.12,0,6692319,1,0,1.0
31450,5,5,1.36,0,6692319,1,0,1.0
31451,1,2,1.75,0,6692319,1,0,0.0
31452,2,2,1.89,0,6692319,1,0,1.0
31453,0,0,1.03,0,6692319,1,0,1.0
31454,2,1,2.22,0,6692319,1,0,0.0
31455,3,3,0.86,0,6692319,1,0,1.0
31456,0,0,0.88,0,6692319,1,0,1.0
31457,2,2,1.95,0,6692319,1,0,1.0
31458,5,2,1.55,0,6692319,1,0,0.0
31459,3,3,1.04,0,6692319,1,0,1.0
31460,2,5,1.21,0,6692319,1,0,0.0
31461,0,0,1.38,0,6692319,1,0,1.0
31462,3,5,2.42,0,6692319,1,0,0.0
31463,5,2,1.86,0,6692319,1,0,0.0
31464,2,1,1.51,0,6692319,1,0,0.0
31465,2,5,1.64,0,6692319,1,0,0.0
31466,2,2,1.25,0,6692319,1,0,1.0
31467,0,5,4.86,0,6692319,1,0,0.0
31468,2,2,1.32,0,6692319,2,1,1.0
31469,3,3,1.09,0,6692319,2,1,1.0
31470,2,2,1.47,0,6692319,2,1,1.0
31471,0,0,1.06,0,6692319,2,1,1.0
31472,2,5,1.74,0,6692319,2,1,0.0
31473,2,2,1.15,0,6692319,2,1,1.0
31474,5,5,1.77,0,6692319,2,1,1.0
31475,5,5,1.34,0,6692319,2,1,1.0
31476,0,0,1.32,0,6692319,2,1,1.0
31477,0,2,8.5,0,6692319,2,1,0.0
31478,5,5,1.69,0,6692319,2,1,1.0
31479,2,2,2.13,0,6692319,2,1,1.0
31480,3,3,1.98,0,6692319,2,1,1.0
31481,0,0,1.32,0,6692319,2,1,1.0
31482,2,5,2.24,0,6692319,2,1,0.0
31483,3,3,1.52,0,6692319,2,1,1.0
31484,2,5,1.0,0,6692319,2,1,0.0
31485,3,3,1.12,0,6692319,2,1,1.0
31486,2,1,2.39,0,6692319,2,1,0.0
31487,0,0,0.98,0,6692319,2,1,1.0
31488,5,2,3.51,0,6692319,2,1,0.0
31489,0,0,2.14,0,6692319,2,1,1.0
31490,5,5,2.12,0,6692319,2,1,1.0
31491,2,2,1.23,0,6692319,2,1,1.0
31492,3,2,3.53,0,6692319,2,1,0.0
31493,3,3,1.22,0,6692319,2,1,1.0
31494,0,0,1.09,0,6692319,2,1,1.0
31495,3,3,2.46,0,6692319,2,1,1.0
31496,2,0,1.81,0,6692319,2,1,0.0
31497,3,3,1.11,0,6692319,2,1,1.0
31529,2,2,1.63,0,1675836,1,1,1.0
31530,2,0,1.11,0,1675836,1,1,0.0
31531,2,5,0.91,0,1675836,1,1,0.0
31532,2,2,4.1,0,1675836,1,1,1.0
31533,3,3,1.25,0,1675836,1,1,1.0
31534,0,0,1.16,0,1675836,1,1,1.0
31535,5,2,2.93,0,1675836,1,1,0.0
31536,2,2,1.43,0,1675836,1,1,1.0
31537,3,3,1.04,0,1675836,1,1,1.0
31538,2,5,2.53,0,1675836,1,1,0.0
31539,3,3,1.26,0,1675836,1,1,1.0
31540,5,5,1.88,0,1675836,1,1,1.0
31541,2,2,3.37,0,1675836,1,1,1.0
31542,0,0,1.15,0,1675836,1,1,1.0
31543,3,2,1.91,0,1675836,1,1,0.0
31544,2,1,1.21,0,1675836,1,1,0.0
31545,0,0,2.37,0,1675836,1,1,1.0
31546,2,5,1.26,0,1675836,1,1,0.0
31547,3,2,5.0,0,1675836,1,1,0.0
31548,2,0,1.45,0,1675836,1,1,0.0
31549,2,2,1.0,0,1675836,1,1,1.0
31550,1,1,1.9,0,1675836,1,1,1.0
31551,2,2,2.53,0,1675836,1,1,1.0
31552,3,3,1.16,0,1675836,1,1,1.0
31553,5,5,1.25,0,1675836,1,1,1.0
31554,3,2,2.01,0,1675836,1,1,0.0
31555,3,3,0.79,0,1675836,1,1,1.0
31556,2,2,1.33,0,1675836,1,1,1.0
31557,0,0,0.99,0,1675836,1,1,1.0
31558,3,3,1.0,0,1675836,1,1,1.0
31559,2,2,1.98,0,1675836,2,0,1.0
31560,3,3,0.93,0,1675836,2,0,1.0
31561,0,0,1.27,0,1675836,2,0,1.0
31562,2,2,1.15,0,1675836,2,0,1.0
31563,2,5,2.11,0,1675836,2,0,0.0
31564,3,2,1.53,0,1675836,2,0,0.0
31565,3,3,0.69,0,1675836,2,0,1.0
31566,2,5,1.49,0,1675836,2,0,0.0
31567,5,5,1.59,0,1675836,2,0,1.0
31568,2,0,2.11,0,1675836,2,0,0.0
31569,2,3,2.81,0,1675836,2,0,0.0
31570,0,0,1.09,0,1675836,2,0,1.0
31571,3,3,1.04,0,1675836,2,0,1.0
31572,0,2,2.42,0,1675836,2,0,0.0
31573,0,0,0.99,0,1675836,2,0,1.0
31574,2,5,1.65,0,1675836,2,0,0.0
31575,3,3,1.72,0,1675836,2,0,1.0
31576,5,5,1.72,0,1675836,2,0,1.0
31577,3,3,1.06,0,1675836,2,0,1.0
31578,1,2,1.82,0,1675836,2,0,0.0
31579,2,3,1.27,0,1675836,2,0,0.0
31580,2,2,1.02,0,1675836,2,0,1.0
31581,5,5,1.68,0,1675836,2,0,1.0
31582,2,2,1.08,0,1675836,2,0,1.0
31583,0,0,1.2,0,1675836,2,0,1.0
31584,2,2,1.63,0,1675836,2,0,1.0
31585,2,5,2.03,0,1675836,2,0,0.0
31586,1,0,1.18,0,1675836,2,0,0.0
31587,2,0,3.3,0,1675836,2,0,0.0
31588,1,1,1.25,0,1675836,2,0,1.0
31730,2,2,1.84,0,1699914,1,1,1.0
31731,2,2,1.23,0,1699914,1,1,1.0
31732,2,1,2.12,0,1699914,1,1,0.0
31733,0,5,1.67,0,1699914,1,1,0.0
31734,3,2,1.84,0,1699914,1,1,0.0
31735,3,5,1.12,0,1699914,1,1,0.0
31736,3,3,6.49,0,1699914,1,1,1.0
31737,0,0,1.25,0,1699914,1,1,1.0
31738,5,2,3.17,0,1699914,1,1,0.0
31739,0,0,1.0,0,1699914,1,1,1.0
31740,0,0,2.26,0,1699914,1,1,1.0
31741,2,1,1.61,0,1699914,1,1,0.0
31742,2,3,0.9,0,1699914,1,1,0.0
31743,5,5,1.26,0,1699914,1,1,1.0
31744,3,3,1.16,0,1699914,1,1,1.0
31745,2,2,2.44,0,1699914,1,1,1.0
31746,5,5,2.19,0,1699914,1,1,1.0
31747,2,2,2.15,0,1699914,1,1,1.0
31748,3,0,1.48,0,1699914,1,1,0.0
31749,2,2,1.81,0,1699914,1,1,1.0
31750,1,0,3.49,0,1699914,1,1,0.0
31751,2,2,2.4,0,1699914,1,1,1.0
31752,3,3,1.02,0,1699914,1,1,1.0
31753,5,5,1.92,0,1699914,1,1,1.0
31754,3,3,1.2,0,1699914,1,1,1.0
31755,3,3,1.51,0,1699914,1,1,1.0
31756,2,2,1.05,0,1699914,1,1,1.0
31757,2,2,1.3,0,1699914,1,1,1.0
31758,2,2,0.82,0,1699914,1,1,1.0
31759,0,0,1.48,0,1699914,1,1,1.0
31760,1,2,1.89,0,1699914,2,0,0.0
31761,3,3,0.95,0,1699914,2,0,1.0
31762,2,2,0.87,0,1699914,2,0,1.0
31763,1,1,2.19,0,1699914,2,0,1.0
31764,5,5,2.3,0,1699914,2,0,1.0
31765,1,0,1.23,0,1699914,2,0,0.0
31766,0,0,1.45,0,1699914,2,0,1.0
31767,0,2,2.52,0,1699914,2,0,0.0
31768,5,3,2.75,0,1699914,2,0,0.0
31769,2,2,1.53,0,1699914,2,0,1.0
31770,5,5,2.1,0,1699914,2,0,1.0
31771,3,3,0.99,0,1699914,2,0,1.0
31772,3,2,5.49,0,1699914,2,0,0.0
31773,2,5,1.53,0,1699914,2,0,0.0
31774,3,3,1.53,0,1699914,2,0,1.0
31775,3,3,2.76,0,1699914,2,0,1.0
31776,1,0,1.6,0,1699914,2,0,0.0
31777,2,2,0.97,0,1699914,2,0,1.0
31778,3,2,1.22,0,1699914,2,0,0.0
31779,2,0,0.96,0,1699914,2,0,0.0
31780,5,2,2.22,0,1699914,2,0,0.0
31781,5,5,1.13,0,1699914,2,0,1.0
31782,2,5,2.53,0,1699914,2,0,0.0
31783,3,3,1.39,0,1699914,2,0,1.0
31784,3,5,1.07,0,1699914,2,0,0.0
31785,2,5,1.59,0,1699914,2,0,0.0
31786,0,0,1.47,0,1699914,2,0,1.0
31787,0,0,1.12,0,1699914,2,0,1.0
31788,2,0,1.25,0,1699914,2,0,0.0
31789,3,3,1.01,0,1699914,2,0,1.0
31868,2,2,33.49,0,9832393,1,0,1.0
31869,2,2,1.94,0,9832393,1,0,1.0
31870,2,2,1.49,0,9832393,1,0,1.0
31871,0,0,1.01,0,9832393,1,0,1.0
31872,0,0,0.98,0,9832393,1,0,1.0
31873,5,5,1.0,0,9832393,1,0,1.0
31874,5,2,1.23,0,9832393,1,0,0.0
31875,3,3,2.79,0,9832393,1,0,1.0
31876,3,3,1.39,0,9832393,1,0,1.0
31877,5,5,1.79,0,9832393,1,0,1.0
31878,2,2,2.92,0,9832393,1,0,1.0
31879,3,3,1.09,0,9832393,1,0,1.0
31880,0,0,1.11,0,9832393,1,0,1.0
31881,2,2,1.43,0,9832393,1,0,1.0
31882,1,2,1.97,0,9832393,1,0,0.0
31883,5,2,2.82,0,9832393,1,0,0.0
31884,2,5,2.87,0,9832393,1,0,0.0
31885,2,1,1.15,0,9832393,1,0,0.0
31886,1,0,1.35,0,9832393,1,0,0.0
31887,5,2,4.03,0,9832393,1,0,0.0
31888,2,2,1.58,0,9832393,1,0,1.0
31889,3,3,0.94,0,9832393,1,0,1.0
31890,0,0,1.16,0,9832393,1,0,1.0
31891,5,5,1.15,0,9832393,1,0,1.0
31892,3,3,0.85,0,9832393,1,0,1.0
31893,5,3,1.47,0,9832393,1,0,0.0
31894,5,2,1.65,0,9832393,1,0,0.0
31895,0,0,1.35,0,9832393,1,0,1.0
31896,5,5,2.34,0,9832393,1,0,1.0
31897,1,1,1.92,0,9832393,1,0,1.0
31898,2,2,1.81,0,9832393,2,1,1.0
31899,2,2,1.49,0,9832393,2,1,1.0
31900,0,0,1.2,0,9832393,2,1,1.0
31901,5,5,1.06,0,9832393,2,1,1.0
31902,5,3,1.79,0,9832393,2,1,0.0
31903,0,0,1.17,0,9832393,2,1,1.0
31904,2,1,1.59,0,9832393,2,1,0.0
31905,2,5,1.08,0,9832393,2,1,0.0
31906,3,2,1.71,0,9832393,2,1,0.0
31907,5,3,2.21,0,9832393,2,1,0.0
31908,5,3,1.09,0,9832393,2,1,0.0
31909,3,2,1.33,0,9832393,2,1,0.0
31910,5,5,1.36,0,9832393,2,1,1.0
31911,2,3,1.27,0,9832393,2,1,0.0
31912,2,0,0.97,0,9832393,2,1,0.0
31913,5,5,1.74,0,9832393,2,1,1.0
31914,2,5,1.27,0,9832393,2,1,0.0
31915,5,2,1.77,0,9832393,2,1,0.0
31916,3,3,1.05,0,9832393,2,1,1.0
31917,3,3,1.16,0,9832393,2,1,1.0
31918,0,0,1.11,0,9832393,2,1,1.0
31919,2,2,3.25,0,9832393,2,1,1.0
31920,1,0,1.13,0,9832393,2,1,0.0
31921,5,5,1.07,0,9832393,2,1,1.0
31922,2,3,0.98,0,9832393,2,1,0.0
31923,2,5,1.13,0,9832393,2,1,0.0
31924,3,2,1.64,0,9832393,2,1,0.0
31925,0,0,1.02,0,9832393,2,1,1.0
31926,2,0,2.08,0,9832393,2,1,0.0
31927,0,2,1.97,0,9832393,2,1,0.0
31956,2,2,2.74,0,5318815,1,1,1.0
31957,5,2,1.34,0,5318815,1,1,0.0
31958,1,0,3.31,0,5318815,1,1,0.0
31959,5,2,2.84,0,5318815,1,1,0.0
31960,5,5,1.34,0,5318815,1,1,1.0
31961,3,3,1.04,0,5318815,1,1,1.0
31962,0,0,1.37,0,5318815,1,1,1.0
31963,5,2,2.61,0,5318815,1,1,0.0
31964,3,3,1.08,0,5318815,1,1,1.0
31965,0,0,1.03,0,5318815,1,1,1.0
31966,3,3,1.02,0,5318815,1,1,1.0
31967,2,2,2.08,0,5318815,1,1,1.0
31968,5,5,1.42,0,5318815,1,1,1.0
31969,0,0,1.2,0,5318815,1,1,1.0
31970,0,0,1.08,0,5318815,1,1,1.0
31971,5,2,1.45,0,5318815,1,1,0.0
31972,2,2,3.1,0,5318815,1,1,1.0
31973,5,2,1.19,0,5318815,1,1,0.0
31974,5,2,1.26,0,5318815,1,1,0.0
31975,5,5,1.11,0,5318815,1,1,1.0
31976,3,3,2.08,0,5318815,1,1,1.0
31977,2,5,1.51,0,5318815,1,1,0.0
31978,2,1,1.15,0,5318815,1,1,0.0
31979,0,0,1.23,0,5318815,1,1,1.0
31980,3,3,2.12,0,5318815,1,1,1.0
31981,2,2,1.54,0,5318815,1,1,1.0
31982,2,5,2.18,0,5318815,1,1,0.0
31983,3,3,1.63,0,5318815,1,1,1.0
31984,2,2,1.28,0,5318815,1,1,1.0
31985,5,1,2.39,0,5318815,1,1,0.0
31986,2,2,2.1,0,5318815,2,0,1.0
31987,2,0,2.23,0,5318815,2,0,0.0
31988,5,3,1.57,0,5318815,2,0,0.0
31989,2,0,1.57,0,5318815,2,0,0.0
31990,3,3,0.9,0,5318815,2,0,1.0
31991,5,2,2.65,0,5318815,2,0,0.0
31992,5,3,1.72,0,5318815,2,0,0.0
31993,2,5,4.45,0,5318815,2,0,0.0
31994,2,2,1.44,0,5318815,2,0,1.0
31995,0,0,2.02,0,5318815,2,0,1.0
31996,2,5,2.71,0,5318815,2,0,0.0
31997,2,2,1.99,0,5318815,2,0,1.0
31998,2,2,3.41,0,5318815,2,0,1.0
31999,0,0,1.56,0,5318815,2,0,1.0
32000,0,0,1.0,0,5318815,2,0,1.0
32001,5,5,2.21,0,5318815,2,0,1.0
32002,2,2,1.96,0,5318815,2,0,1.0
32003,1,0,2.22,0,5318815,2,0,0.0
32004,2,5,4.03,0,5318815,2,0,0.0
32005,2,5,1.25,0,5318815,2,0,0.0
32006,5,3,0.95,0,5318815,2,0,0.0
32007,3,3,0.98,0,5318815,2,0,1.0
32008,0,0,1.22,0,5318815,2,0,1.0
32009,3,3,1.29,0,5318815,2,0,1.0
32010,3,2,1.2,0,5318815,2,0,0.0
32011,2,5,1.91,0,5318815,2,0,0.0
32012,2,1,2.0,0,5318815,2,0,0.0
32013,3,3,1.25,0,5318815,2,0,1.0
32014,3,2,0.67,0,5318815,2,0,0.0
32015,5,5,1.21,0,5318815,2,0,1.0
